indicator,country,sum
2003-01,AR,2.0
2003-02,AR,5.0
2003-09,AR,1.0
2003-10,AR,1.0
2003-11,AR,1.0
2003-12,AR,5.0
2004-01,AR,4.0
2004-02,AR,11.0
2004-04,AR,1.0
2004-05,AR,1.0
2004-08,AR,1.0
2004-09,AR,4.0
2004-12,AR,1.0
2005-01,AR,5.0
2005-02,AR,5.0
2005-03,AR,9.0
2005-04,AR,1.0
2005-05,AR,2.0
2005-06,AR,3.0
2005-07,AR,4.0
2005-08,AR,5.0
2005-09,AR,2.0
2005-10,AR,1.0
2005-11,AR,5.0
2005-12,AR,5.0
2006-01,AR,2.0
2006-02,AR,5.0
2006-03,AR,4.0
2006-04,AR,1.0
2006-05,AR,1.0
2006-06,AR,1.0
2006-07,AR,1.0
2006-08,AR,3.0
2006-10,AR,16.0
2006-11,AR,10.0
2006-12,AR,2.0
2007-01,AR,4.0
2007-02,AR,6.0
2007-03,AR,2.0
2007-04,AR,3.0
2007-06,AR,1.0
2007-07,AR,1.0
2007-09,AR,2.0
2007-10,AR,2.0
2007-11,AR,11.0
2007-12,AR,9.0
2008-01,AR,3.0
2008-02,AR,3.0
2008-03,AR,6.0
2008-04,AR,2.0
2008-06,AR,2.0
2008-07,AR,8.0
2008-08,AR,2.0
2008-09,AR,13.0
2008-10,AR,12.0
2008-11,AR,5.0
2008-12,AR,21.0
2009-01,AR,5.0
2009-02,AR,10.0
2009-03,AR,9.0
2009-04,AR,9.0
2009-05,AR,15.0
2009-06,AR,4.0
2009-07,AR,1.0
2009-08,AR,1.0
2009-09,AR,3.0
2009-10,AR,21.0
2009-11,AR,20.0
2009-12,AR,9.0
2010-01,AR,14.0
2010-02,AR,10.0
2010-03,AR,8.0
2010-04,AR,2.0
2010-05,AR,3.0
2010-06,AR,3.0
2010-07,AR,1.0
2010-08,AR,1.0
2010-09,AR,4.0
2010-10,AR,3.0
2010-11,AR,5.0
2010-12,AR,8.0
2011-01,AR,8.0
2011-02,AR,10.0
2011-03,AR,8.0
2011-04,AR,4.0
2011-05,AR,6.0
2011-06,AR,1.0
2011-07,AR,2.0
2011-08,AR,5.0
2011-09,AR,11.0
2011-10,AR,20.0
2011-11,AR,12.0
2011-12,AR,2.0
2012-01,AR,19.0
2012-02,AR,20.0
2012-03,AR,9.0
2012-04,AR,5.0
2012-05,AR,4.0
2012-06,AR,2.0
2012-07,AR,2.0
2012-08,AR,5.0
2012-09,AR,5.0
2012-10,AR,8.0
2012-11,AR,29.0
2012-12,AR,12.0
2013-01,AR,22.0
2013-02,AR,16.0
2013-03,AR,17.0
2013-04,AR,14.0
2013-05,AR,13.0
2013-06,AR,4.0
2013-07,AR,5.0
2013-08,AR,7.0
2013-09,AR,31.0
2013-10,AR,32.0
2013-11,AR,18.0
2013-12,AR,24.0
2014-01,AR,17.0
2014-02,AR,33.0
2014-03,AR,38.0
2014-04,AR,20.0
2014-05,AR,20.0
2014-06,AR,18.0
2014-07,AR,17.0
2014-08,AR,16.0
2014-09,AR,31.0
2014-10,AR,57.0
2014-11,AR,54.0
2014-12,AR,27.0
2015-01,AR,30.0
2015-02,AR,20.0
2015-03,AR,21.0
2015-04,AR,42.0
2015-05,AR,52.0
2015-06,AR,17.0
2015-07,AR,24.0
2015-08,AR,36.0
2015-09,AR,41.0
2015-10,AR,40.0
2015-11,AR,43.0
2015-12,AR,18.0
2016-01,AR,47.0
2016-02,AR,31.0
2016-03,AR,22.0
2016-04,AR,38.0
2016-05,AR,27.0
2016-06,AR,10.0
2016-07,AR,13.0
2016-08,AR,16.0
2016-09,AR,26.0
2016-10,AR,170.0
2016-11,AR,53.0
2016-12,AR,44.0
2003-07,BO,2.0
2004-07,BO,1.0
2004-08,BO,2.0
2004-09,BO,3.0
2004-10,BO,6.0
2005-03,BO,1.0
2005-10,BO,1.0
2005-11,BO,1.0
2006-06,BO,1.0
2007-02,BO,1.0
2007-05,BO,1.0
2007-06,BO,6.0
2007-08,BO,1.0
2007-09,BO,1.0
2007-12,BO,4.0
2008-01,BO,1.0
2008-05,BO,1.0
2008-07,BO,1.0
2008-08,BO,3.0
2008-09,BO,8.0
2008-11,BO,1.0
2008-12,BO,1.0
2009-05,BO,1.0
2009-06,BO,1.0
2009-09,BO,19.0
2009-10,BO,10.0
2009-11,BO,1.0
2010-01,BO,8.0
2010-03,BO,1.0
2010-04,BO,1.0
2010-06,BO,2.0
2010-07,BO,1.0
2010-08,BO,5.0
2010-09,BO,17.0
2010-11,BO,1.0
2010-12,BO,4.0
2011-01,BO,7.0
2011-03,BO,4.0
2011-04,BO,1.0
2011-05,BO,2.0
2011-06,BO,2.0
2011-07,BO,2.0
2011-09,BO,9.0
2011-10,BO,9.0
2011-11,BO,2.0
2011-12,BO,5.0
2012-01,BO,3.0
2012-02,BO,1.0
2012-03,BO,9.0
2012-04,BO,2.0
2012-05,BO,2.0
2012-06,BO,2.0
2012-07,BO,6.0
2012-08,BO,5.0
2012-09,BO,8.0
2012-10,BO,10.0
2012-11,BO,4.0
2012-12,BO,14.0
2013-01,BO,4.0
2013-03,BO,4.0
2013-04,BO,5.0
2013-05,BO,18.0
2013-06,BO,1.0
2013-07,BO,3.0
2013-08,BO,30.0
2013-09,BO,6.0
2013-10,BO,2.0
2013-11,BO,8.0
2013-12,BO,30.0
2014-01,BO,7.0
2014-02,BO,2.0
2014-03,BO,1.0
2014-05,BO,5.0
2014-06,BO,19.0
2014-07,BO,21.0
2014-08,BO,2.0
2014-09,BO,23.0
2014-10,BO,13.0
2014-11,BO,2.0
2014-12,BO,2.0
2015-01,BO,2.0
2015-02,BO,1.0
2015-03,BO,3.0
2015-04,BO,4.0
2015-05,BO,31.0
2015-06,BO,1.0
2015-07,BO,8.0
2015-08,BO,31.0
2015-09,BO,127.0
2015-10,BO,14.0
2015-11,BO,12.0
2015-12,BO,6.0
2016-02,BO,3.0
2016-03,BO,24.0
2016-05,BO,9.0
2016-06,BO,4.0
2016-08,BO,6.0
2016-09,BO,2.0
2016-10,BO,17.0
2016-11,BO,16.0
2016-12,BO,8.0
2003-02,BR,3.0
2003-03,BR,2.0
2003-05,BR,2.0
2003-07,BR,6.0
2003-08,BR,4.0
2003-09,BR,5.0
2003-10,BR,11.0
2003-11,BR,23.0
2003-12,BR,2.0
2004-02,BR,1.0
2004-03,BR,1.0
2004-04,BR,1.0
2004-06,BR,1.0
2004-07,BR,2.0
2004-08,BR,12.0
2004-10,BR,2.0
2004-11,BR,4.0
2004-12,BR,1.0
2005-02,BR,1.0
2005-03,BR,1.0
2005-04,BR,3.0
2005-05,BR,1.0
2005-06,BR,4.0
2005-07,BR,6.0
2005-08,BR,7.0
2005-09,BR,4.0
2005-10,BR,32.0
2005-11,BR,4.0
2005-12,BR,18.0
2006-03,BR,1.0
2006-04,BR,4.0
2006-05,BR,1.0
2006-06,BR,20.0
2006-07,BR,8.0
2006-08,BR,2.0
2006-09,BR,1.0
2006-10,BR,19.0
2006-11,BR,8.0
2006-12,BR,1.0
2007-01,BR,2.0
2007-02,BR,14.0
2007-03,BR,2.0
2007-04,BR,2.0
2007-05,BR,3.0
2007-06,BR,7.0
2007-07,BR,5.0
2007-08,BR,5.0
2007-09,BR,14.0
2007-10,BR,6.0
2007-11,BR,2.0
2008-01,BR,3.0
2008-02,BR,5.0
2008-03,BR,1.0
2008-04,BR,17.0
2008-05,BR,1.0
2008-06,BR,2.0
2008-07,BR,4.0
2008-08,BR,12.0
2008-09,BR,4.0
2008-10,BR,15.0
2008-11,BR,7.0
2008-12,BR,5.0
2009-02,BR,1.0
2009-04,BR,10.0
2009-05,BR,2.0
2009-06,BR,8.0
2009-07,BR,14.0
2009-08,BR,14.0
2009-09,BR,7.0
2009-10,BR,13.0
2009-11,BR,5.0
2009-12,BR,9.0
2010-01,BR,7.0
2010-02,BR,11.0
2010-03,BR,10.0
2010-04,BR,3.0
2010-05,BR,1.0
2010-06,BR,2.0
2010-07,BR,6.0
2010-08,BR,19.0
2010-09,BR,16.0
2010-10,BR,12.0
2010-11,BR,3.0
2010-12,BR,2.0
2011-01,BR,3.0
2011-02,BR,4.0
2011-03,BR,2.0
2011-04,BR,12.0
2011-05,BR,6.0
2011-06,BR,6.0
2011-07,BR,6.0
2011-08,BR,11.0
2011-09,BR,19.0
2011-10,BR,22.0
2011-11,BR,9.0
2011-12,BR,1.0
2012-01,BR,8.0
2012-02,BR,7.0
2012-03,BR,5.0
2012-04,BR,7.0
2012-05,BR,5.0
2012-06,BR,8.0
2012-07,BR,17.0
2012-08,BR,15.0
2012-09,BR,24.0
2012-10,BR,24.0
2012-11,BR,25.0
2012-12,BR,11.0
2013-01,BR,17.0
2013-02,BR,9.0
2013-03,BR,5.0
2013-04,BR,3.0
2013-05,BR,11.0
2013-06,BR,20.0
2013-07,BR,30.0
2013-08,BR,15.0
2013-09,BR,73.0
2013-10,BR,23.0
2013-11,BR,41.0
2013-12,BR,7.0
2014-01,BR,24.0
2014-02,BR,9.0
2014-03,BR,29.0
2014-04,BR,23.0
2014-05,BR,31.0
2014-06,BR,24.0
2014-07,BR,35.0
2014-08,BR,87.0
2014-09,BR,52.0
2014-10,BR,48.0
2014-11,BR,34.0
2014-12,BR,23.0
2015-01,BR,38.0
2015-02,BR,16.0
2015-03,BR,23.0
2015-04,BR,74.0
2015-05,BR,209.0
2015-06,BR,61.0
2015-07,BR,144.0
2015-08,BR,214.0
2015-09,BR,94.0
2015-10,BR,110.0
2015-11,BR,26.0
2015-12,BR,20.0
2016-01,BR,28.0
2016-02,BR,28.0
2016-03,BR,36.0
2016-04,BR,68.0
2016-05,BR,82.0
2016-06,BR,64.0
2016-07,BR,43.0
2016-08,BR,140.0
2016-09,BR,80.0
2016-10,BR,192.0
2016-11,BR,48.0
2016-12,BR,20.0
2003-03,BS,1.0
2003-11,BS,2.0
2004-12,BS,2.0
2005-05,BS,1.0
2006-08,BS,5.0
2006-10,BS,1.0
2007-05,BS,1.0
2008-02,BS,7.0
2008-07,BS,3.0
2008-09,BS,1.0
2009-01,BS,2.0
2009-02,BS,1.0
2009-10,BS,10.0
2009-11,BS,4.0
2009-12,BS,4.0
2010-01,BS,8.0
2010-02,BS,4.0
2010-03,BS,9.0
2010-04,BS,13.0
2010-05,BS,7.0
2010-06,BS,4.0
2010-07,BS,1.0
2010-08,BS,4.0
2010-09,BS,2.0
2010-10,BS,2.0
2010-11,BS,1.0
2011-01,BS,1.0
2011-02,BS,10.0
2011-03,BS,12.0
2011-04,BS,1.0
2011-05,BS,1.0
2011-06,BS,1.0
2011-07,BS,22.0
2011-08,BS,2.0
2011-09,BS,2.0
2011-12,BS,2.0
2012-01,BS,6.0
2012-02,BS,1.0
2012-03,BS,6.0
2012-04,BS,20.0
2012-05,BS,1.0
2012-06,BS,8.0
2012-07,BS,8.0
2012-08,BS,1.0
2012-09,BS,2.0
2012-10,BS,7.0
2012-11,BS,1.0
2012-12,BS,2.0
2013-01,BS,20.0
2013-02,BS,1.0
2013-03,BS,2.0
2013-05,BS,7.0
2013-06,BS,1.0
2013-07,BS,1.0
2013-08,BS,14.0
2013-09,BS,3.0
2013-10,BS,4.0
2013-11,BS,4.0
2013-12,BS,21.0
2014-01,BS,7.0
2014-02,BS,20.0
2014-03,BS,16.0
2014-04,BS,3.0
2014-05,BS,11.0
2014-06,BS,3.0
2014-07,BS,2.0
2014-08,BS,8.0
2014-09,BS,22.0
2014-10,BS,22.0
2014-11,BS,48.0
2014-12,BS,7.0
2015-01,BS,8.0
2015-02,BS,16.0
2015-03,BS,3.0
2015-04,BS,14.0
2015-05,BS,32.0
2015-06,BS,12.0
2015-07,BS,14.0
2015-08,BS,25.0
2015-09,BS,54.0
2015-10,BS,15.0
2015-11,BS,10.0
2015-12,BS,16.0
2016-01,BS,30.0
2016-02,BS,28.0
2016-03,BS,21.0
2016-04,BS,43.0
2016-05,BS,45.0
2016-06,BS,19.0
2016-07,BS,1.0
2016-08,BS,11.0
2016-09,BS,18.0
2016-10,BS,61.0
2016-11,BS,8.0
2016-12,BS,20.0
2003-01,BZ,7.0
2003-03,BZ,1.0
2003-04,BZ,1.0
2003-12,BZ,3.0
2004-01,BZ,6.0
2004-02,BZ,11.0
2004-03,BZ,6.0
2004-04,BZ,5.0
2004-12,BZ,8.0
2005-01,BZ,4.0
2005-02,BZ,11.0
2005-03,BZ,3.0
2005-05,BZ,3.0
2005-07,BZ,2.0
2005-12,BZ,9.0
2006-01,BZ,5.0
2006-02,BZ,3.0
2006-03,BZ,8.0
2006-05,BZ,1.0
2006-07,BZ,4.0
2006-08,BZ,3.0
2006-09,BZ,2.0
2006-11,BZ,10.0
2006-12,BZ,9.0
2007-01,BZ,2.0
2007-02,BZ,15.0
2007-03,BZ,14.0
2007-04,BZ,15.0
2007-05,BZ,5.0
2007-06,BZ,1.0
2007-07,BZ,4.0
2007-09,BZ,1.0
2007-10,BZ,2.0
2007-11,BZ,10.0
2007-12,BZ,4.0
2008-01,BZ,11.0
2008-02,BZ,10.0
2008-03,BZ,28.0
2008-04,BZ,2.0
2008-05,BZ,1.0
2008-06,BZ,4.0
2008-08,BZ,7.0
2008-12,BZ,6.0
2009-01,BZ,10.0
2009-02,BZ,15.0
2009-03,BZ,13.0
2009-05,BZ,17.0
2009-06,BZ,4.0
2009-10,BZ,6.0
2009-11,BZ,1.0
2009-12,BZ,8.0
2010-01,BZ,14.0
2010-02,BZ,16.0
2010-03,BZ,11.0
2010-04,BZ,6.0
2010-05,BZ,2.0
2010-06,BZ,3.0
2010-07,BZ,3.0
2010-08,BZ,1.0
2010-11,BZ,1.0
2010-12,BZ,11.0
2011-01,BZ,47.0
2011-02,BZ,21.0
2011-03,BZ,55.0
2011-04,BZ,16.0
2011-05,BZ,12.0
2011-06,BZ,7.0
2011-07,BZ,8.0
2011-08,BZ,2.0
2011-09,BZ,7.0
2011-10,BZ,4.0
2011-11,BZ,5.0
2011-12,BZ,45.0
2012-01,BZ,22.0
2012-02,BZ,21.0
2012-03,BZ,73.0
2012-04,BZ,10.0
2012-05,BZ,17.0
2012-06,BZ,10.0
2012-07,BZ,1.0
2012-08,BZ,7.0
2012-09,BZ,10.0
2012-10,BZ,13.0
2012-11,BZ,17.0
2012-12,BZ,28.0
2013-01,BZ,17.0
2013-02,BZ,24.0
2013-03,BZ,207.0
2013-04,BZ,36.0
2013-05,BZ,45.0
2013-06,BZ,116.0
2013-07,BZ,44.0
2013-08,BZ,17.0
2013-09,BZ,26.0
2013-10,BZ,33.0
2013-11,BZ,26.0
2013-12,BZ,19.0
2014-01,BZ,31.0
2014-02,BZ,107.0
2014-03,BZ,153.0
2014-04,BZ,46.0
2014-05,BZ,20.0
2014-06,BZ,33.0
2014-07,BZ,26.0
2014-08,BZ,57.0
2014-09,BZ,52.0
2014-10,BZ,31.0
2014-11,BZ,64.0
2014-12,BZ,79.0
2015-01,BZ,25.0
2015-02,BZ,58.0
2015-03,BZ,74.0
2015-04,BZ,91.0
2015-05,BZ,85.0
2015-06,BZ,16.0
2015-07,BZ,82.0
2015-08,BZ,92.0
2015-09,BZ,38.0
2015-10,BZ,29.0
2015-11,BZ,49.0
2015-12,BZ,37.0
2016-01,BZ,92.0
2016-02,BZ,154.0
2016-03,BZ,195.0
2016-04,BZ,74.0
2016-05,BZ,45.0
2016-06,BZ,46.0
2016-07,BZ,25.0
2016-08,BZ,105.0
2016-09,BZ,81.0
2016-10,BZ,150.0
2016-11,BZ,68.0
2016-12,BZ,49.0
2003-01,CA,2.0
2003-03,CA,18.0
2003-04,CA,78.0
2003-05,CA,124.0
2003-06,CA,65.0
2003-07,CA,58.0
2003-08,CA,82.0
2003-09,CA,86.0
2003-10,CA,50.0
2003-11,CA,12.0
2003-12,CA,5.0
2004-01,CA,2.0
2004-02,CA,2.0
2004-03,CA,35.0
2004-04,CA,87.0
2004-05,CA,141.0
2004-06,CA,79.0
2004-07,CA,62.0
2004-08,CA,72.0
2004-09,CA,96.0
2004-10,CA,58.0
2004-11,CA,4.0
2005-02,CA,2.0
2005-03,CA,27.0
2005-04,CA,129.0
2005-05,CA,168.0
2005-06,CA,82.0
2005-07,CA,85.0
2005-08,CA,88.0
2005-09,CA,137.0
2005-10,CA,76.0
2005-11,CA,8.0
2005-12,CA,1.0
2006-01,CA,2.0
2006-02,CA,1.0
2006-03,CA,24.0
2006-04,CA,144.0
2006-05,CA,220.0
2006-06,CA,69.0
2006-07,CA,87.0
2006-08,CA,98.0
2006-09,CA,103.0
2006-10,CA,46.0
2006-11,CA,4.0
2006-12,CA,4.0
2007-01,CA,3.0
2007-02,CA,6.0
2007-03,CA,70.0
2007-04,CA,264.0
2007-05,CA,367.0
2007-06,CA,142.0
2007-07,CA,146.0
2007-08,CA,179.0
2007-09,CA,200.0
2007-10,CA,116.0
2007-11,CA,12.0
2007-12,CA,3.0
2008-01,CA,4.0
2008-02,CA,4.0
2008-03,CA,105.0
2008-04,CA,353.0
2008-05,CA,263.0
2008-06,CA,182.0
2008-07,CA,88.0
2008-08,CA,136.0
2008-09,CA,204.0
2008-10,CA,113.0
2008-11,CA,1.0
2008-12,CA,5.0
2009-01,CA,1.0
2009-02,CA,3.0
2009-03,CA,30.0
2009-04,CA,341.0
2009-05,CA,571.0
2009-06,CA,248.0
2009-07,CA,232.0
2009-08,CA,249.0
2009-09,CA,301.0
2009-10,CA,202.0
2009-11,CA,15.0
2009-12,CA,2.0
2010-01,CA,4.0
2010-02,CA,2.0
2010-03,CA,116.0
2010-04,CA,356.0
2010-05,CA,606.0
2010-06,CA,198.0
2010-07,CA,185.0
2010-08,CA,160.0
2010-09,CA,202.0
2010-10,CA,100.0
2010-11,CA,9.0
2010-12,CA,4.0
2011-01,CA,5.0
2011-02,CA,7.0
2011-03,CA,128.0
2011-04,CA,493.0
2011-05,CA,587.0
2011-06,CA,339.0
2011-07,CA,275.0
2011-08,CA,244.0
2011-09,CA,329.0
2011-10,CA,235.0
2011-11,CA,40.0
2011-12,CA,11.0
2012-01,CA,15.0
2012-02,CA,21.0
2012-03,CA,426.0
2012-04,CA,1103.0
2012-05,CA,1362.0
2012-06,CA,758.0
2012-07,CA,600.0
2012-08,CA,681.0
2012-09,CA,977.0
2012-10,CA,563.0
2012-11,CA,73.0
2012-12,CA,15.0
2013-01,CA,28.0
2013-02,CA,21.0
2013-03,CA,827.0
2013-04,CA,2643.0
2013-05,CA,3791.0
2013-06,CA,1923.0
2013-07,CA,1222.0
2013-08,CA,771.0
2013-09,CA,1829.0
2013-10,CA,784.0
2013-11,CA,63.0
2013-12,CA,19.0
2014-01,CA,7.0
2014-02,CA,11.0
2014-03,CA,631.0
2014-04,CA,4227.0
2014-05,CA,5376.0
2014-06,CA,2187.0
2014-07,CA,1768.0
2014-08,CA,1202.0
2014-09,CA,2673.0
2014-10,CA,1874.0
2014-11,CA,111.0
2014-12,CA,27.0
2015-01,CA,12.0
2015-02,CA,8.0
2015-03,CA,383.0
2015-04,CA,5471.0
2015-05,CA,6262.0
2015-06,CA,1545.0
2015-07,CA,1251.0
2015-08,CA,2787.0
2015-09,CA,3188.0
2015-10,CA,1447.0
2015-11,CA,34.0
2015-12,CA,36.0
2016-01,CA,39.0
2016-02,CA,34.0
2016-03,CA,1256.0
2016-04,CA,3124.0
2016-05,CA,3964.0
2016-06,CA,2466.0
2016-07,CA,442.0
2016-08,CA,1251.0
2016-09,CA,2179.0
2016-10,CA,1441.0
2016-11,CA,119.0
2016-12,CA,38.0
2003-02,CL,5.0
2003-03,CL,1.0
2003-10,CL,2.0
2004-01,CL,2.0
2004-02,CL,11.0
2004-09,CL,1.0
2004-11,CL,9.0
2005-02,CL,1.0
2005-09,CL,1.0
2005-10,CL,1.0
2005-11,CL,2.0
2005-12,CL,6.0
2006-01,CL,2.0
2006-02,CL,2.0
2006-03,CL,1.0
2006-05,CL,3.0
2006-07,CL,1.0
2006-08,CL,2.0
2006-09,CL,1.0
2006-10,CL,2.0
2006-11,CL,15.0
2006-12,CL,2.0
2007-01,CL,4.0
2007-02,CL,5.0
2007-03,CL,1.0
2007-05,CL,1.0
2007-06,CL,1.0
2007-07,CL,1.0
2007-08,CL,3.0
2007-09,CL,4.0
2007-10,CL,4.0
2007-12,CL,14.0
2008-01,CL,17.0
2008-02,CL,14.0
2008-03,CL,19.0
2008-04,CL,5.0
2008-05,CL,2.0
2008-06,CL,5.0
2008-07,CL,4.0
2008-08,CL,9.0
2008-09,CL,43.0
2008-10,CL,14.0
2008-11,CL,1.0
2008-12,CL,4.0
2009-01,CL,4.0
2009-02,CL,15.0
2009-03,CL,16.0
2009-04,CL,13.0
2009-05,CL,11.0
2009-06,CL,12.0
2009-07,CL,5.0
2009-08,CL,5.0
2009-09,CL,4.0
2009-10,CL,18.0
2009-11,CL,5.0
2009-12,CL,14.0
2010-01,CL,24.0
2010-02,CL,29.0
2010-03,CL,15.0
2010-04,CL,6.0
2010-05,CL,19.0
2010-06,CL,12.0
2010-07,CL,14.0
2010-08,CL,6.0
2010-09,CL,2.0
2010-10,CL,4.0
2010-11,CL,6.0
2010-12,CL,18.0
2011-01,CL,12.0
2011-02,CL,20.0
2011-03,CL,21.0
2011-04,CL,6.0
2011-05,CL,4.0
2011-06,CL,3.0
2011-07,CL,27.0
2011-08,CL,7.0
2011-09,CL,8.0
2011-10,CL,42.0
2011-11,CL,21.0
2011-12,CL,12.0
2012-01,CL,59.0
2012-02,CL,51.0
2012-03,CL,20.0
2012-04,CL,32.0
2012-05,CL,25.0
2012-06,CL,39.0
2012-07,CL,33.0
2012-08,CL,30.0
2012-09,CL,37.0
2012-10,CL,12.0
2012-11,CL,34.0
2012-12,CL,39.0
2013-01,CL,30.0
2013-02,CL,31.0
2013-03,CL,39.0
2013-04,CL,44.0
2013-05,CL,43.0
2013-06,CL,63.0
2013-07,CL,61.0
2013-08,CL,27.0
2013-09,CL,58.0
2013-10,CL,53.0
2013-11,CL,108.0
2013-12,CL,32.0
2014-01,CL,43.0
2014-02,CL,112.0
2014-03,CL,63.0
2014-04,CL,122.0
2014-05,CL,210.0
2014-06,CL,76.0
2014-07,CL,128.0
2014-08,CL,88.0
2014-09,CL,162.0
2014-10,CL,105.0
2014-11,CL,203.0
2014-12,CL,26.0
2015-01,CL,38.0
2015-02,CL,62.0
2015-03,CL,50.0
2015-04,CL,70.0
2015-05,CL,142.0
2015-06,CL,48.0
2015-07,CL,52.0
2015-08,CL,95.0
2015-09,CL,110.0
2015-10,CL,99.0
2015-11,CL,58.0
2015-12,CL,112.0
2016-01,CL,80.0
2016-02,CL,96.0
2016-03,CL,62.0
2016-04,CL,62.0
2016-05,CL,75.0
2016-06,CL,45.0
2016-07,CL,43.0
2016-08,CL,61.0
2016-09,CL,58.0
2016-10,CL,99.0
2016-11,CL,113.0
2016-12,CL,58.0
2003-01,CO,1.0
2003-02,CO,1.0
2003-03,CO,3.0
2003-04,CO,1.0
2003-05,CO,1.0
2003-06,CO,1.0
2003-08,CO,4.0
2003-09,CO,1.0
2003-10,CO,2.0
2003-11,CO,5.0
2003-12,CO,2.0
2004-01,CO,5.0
2004-02,CO,1.0
2004-03,CO,3.0
2004-04,CO,3.0
2004-05,CO,1.0
2004-06,CO,1.0
2004-07,CO,1.0
2004-08,CO,5.0
2004-09,CO,2.0
2004-10,CO,9.0
2004-11,CO,4.0
2004-12,CO,7.0
2005-01,CO,3.0
2005-02,CO,4.0
2005-03,CO,4.0
2005-05,CO,2.0
2005-06,CO,7.0
2005-07,CO,3.0
2005-08,CO,2.0
2005-09,CO,6.0
2005-10,CO,4.0
2005-11,CO,6.0
2005-12,CO,2.0
2006-01,CO,8.0
2006-02,CO,7.0
2006-03,CO,21.0
2006-04,CO,4.0
2006-05,CO,5.0
2006-06,CO,8.0
2006-07,CO,5.0
2006-08,CO,7.0
2006-09,CO,5.0
2006-10,CO,2.0
2006-11,CO,10.0
2006-12,CO,11.0
2007-01,CO,9.0
2007-02,CO,11.0
2007-06,CO,2.0
2007-07,CO,4.0
2007-08,CO,1.0
2007-09,CO,1.0
2007-10,CO,6.0
2007-11,CO,4.0
2007-12,CO,8.0
2008-01,CO,8.0
2008-02,CO,13.0
2008-03,CO,6.0
2008-04,CO,5.0
2008-05,CO,1.0
2008-06,CO,4.0
2008-07,CO,11.0
2008-08,CO,8.0
2008-09,CO,2.0
2008-10,CO,6.0
2008-11,CO,9.0
2008-12,CO,7.0
2009-01,CO,6.0
2009-02,CO,33.0
2009-03,CO,7.0
2009-04,CO,4.0
2009-05,CO,3.0
2009-06,CO,7.0
2009-07,CO,5.0
2009-08,CO,19.0
2009-09,CO,1.0
2009-10,CO,9.0
2009-11,CO,3.0
2009-12,CO,38.0
2010-01,CO,40.0
2010-02,CO,24.0
2010-03,CO,5.0
2010-04,CO,14.0
2010-05,CO,2.0
2010-06,CO,4.0
2010-07,CO,4.0
2010-08,CO,2.0
2010-09,CO,1.0
2010-10,CO,7.0
2010-11,CO,8.0
2010-12,CO,19.0
2011-01,CO,34.0
2011-02,CO,44.0
2011-03,CO,35.0
2011-04,CO,15.0
2011-05,CO,3.0
2011-06,CO,8.0
2011-07,CO,16.0
2011-09,CO,9.0
2011-10,CO,7.0
2011-11,CO,21.0
2011-12,CO,7.0
2012-01,CO,36.0
2012-02,CO,44.0
2012-03,CO,36.0
2012-04,CO,10.0
2012-05,CO,6.0
2012-06,CO,7.0
2012-07,CO,20.0
2012-08,CO,4.0
2012-09,CO,4.0
2012-10,CO,16.0
2012-11,CO,20.0
2012-12,CO,36.0
2013-01,CO,39.0
2013-02,CO,45.0
2013-03,CO,27.0
2013-04,CO,2.0
2013-05,CO,13.0
2013-06,CO,29.0
2013-07,CO,14.0
2013-08,CO,30.0
2013-09,CO,49.0
2013-10,CO,21.0
2013-11,CO,36.0
2013-12,CO,45.0
2014-01,CO,68.0
2014-02,CO,108.0
2014-03,CO,102.0
2014-04,CO,49.0
2014-05,CO,37.0
2014-06,CO,47.0
2014-07,CO,52.0
2014-08,CO,69.0
2014-09,CO,52.0
2014-10,CO,30.0
2014-11,CO,45.0
2014-12,CO,15.0
2015-01,CO,42.0
2015-02,CO,66.0
2015-03,CO,125.0
2015-04,CO,90.0
2015-05,CO,86.0
2015-06,CO,26.0
2015-07,CO,35.0
2015-08,CO,56.0
2015-09,CO,40.0
2015-10,CO,23.0
2015-11,CO,41.0
2015-12,CO,43.0
2016-01,CO,95.0
2016-02,CO,77.0
2016-03,CO,76.0
2016-04,CO,34.0
2016-05,CO,43.0
2016-06,CO,58.0
2016-07,CO,32.0
2016-08,CO,51.0
2016-09,CO,59.0
2016-10,CO,53.0
2016-11,CO,79.0
2016-12,CO,65.0
2003-01,CR,8.0
2003-02,CR,40.0
2003-03,CR,14.0
2003-04,CR,4.0
2003-05,CR,1.0
2003-06,CR,3.0
2003-07,CR,10.0
2003-08,CR,5.0
2003-09,CR,1.0
2003-10,CR,7.0
2003-11,CR,3.0
2003-12,CR,12.0
2004-01,CR,19.0
2004-02,CR,26.0
2004-03,CR,66.0
2004-04,CR,21.0
2004-05,CR,8.0
2004-06,CR,2.0
2004-07,CR,8.0
2004-08,CR,27.0
2004-09,CR,1.0
2004-10,CR,1.0
2004-11,CR,18.0
2004-12,CR,11.0
2005-01,CR,18.0
2005-02,CR,41.0
2005-03,CR,77.0
2005-04,CR,24.0
2005-05,CR,9.0
2005-06,CR,4.0
2005-07,CR,13.0
2005-08,CR,2.0
2005-09,CR,5.0
2005-10,CR,7.0
2005-11,CR,12.0
2005-12,CR,15.0
2006-01,CR,48.0
2006-02,CR,25.0
2006-03,CR,60.0
2006-04,CR,14.0
2006-05,CR,11.0
2006-06,CR,6.0
2006-07,CR,36.0
2006-08,CR,16.0
2006-09,CR,3.0
2006-10,CR,5.0
2006-11,CR,2.0
2006-12,CR,31.0
2007-01,CR,49.0
2007-02,CR,38.0
2007-03,CR,79.0
2007-04,CR,14.0
2007-05,CR,11.0
2007-06,CR,3.0
2007-07,CR,21.0
2007-08,CR,18.0
2007-09,CR,6.0
2007-10,CR,24.0
2007-11,CR,9.0
2007-12,CR,15.0
2008-01,CR,77.0
2008-02,CR,37.0
2008-03,CR,81.0
2008-04,CR,42.0
2008-05,CR,16.0
2008-06,CR,20.0
2008-07,CR,23.0
2008-08,CR,28.0
2008-09,CR,10.0
2008-10,CR,11.0
2008-11,CR,27.0
2008-12,CR,33.0
2009-01,CR,77.0
2009-02,CR,76.0
2009-03,CR,82.0
2009-04,CR,58.0
2009-05,CR,49.0
2009-06,CR,14.0
2009-07,CR,27.0
2009-08,CR,16.0
2009-09,CR,14.0
2009-10,CR,29.0
2009-11,CR,27.0
2009-12,CR,40.0
2010-01,CR,52.0
2010-02,CR,73.0
2010-03,CR,118.0
2010-04,CR,91.0
2010-05,CR,67.0
2010-06,CR,31.0
2010-07,CR,61.0
2010-08,CR,58.0
2010-09,CR,52.0
2010-10,CR,43.0
2010-11,CR,57.0
2010-12,CR,65.0
2011-01,CR,134.0
2011-02,CR,108.0
2011-03,CR,152.0
2011-04,CR,73.0
2011-05,CR,30.0
2011-06,CR,42.0
2011-07,CR,51.0
2011-08,CR,49.0
2011-09,CR,42.0
2011-10,CR,39.0
2011-11,CR,149.0
2011-12,CR,93.0
2012-01,CR,154.0
2012-02,CR,158.0
2012-03,CR,214.0
2012-04,CR,79.0
2012-05,CR,42.0
2012-06,CR,47.0
2012-07,CR,33.0
2012-08,CR,24.0
2012-09,CR,23.0
2012-10,CR,41.0
2012-11,CR,89.0
2012-12,CR,141.0
2013-01,CR,163.0
2013-02,CR,211.0
2013-03,CR,266.0
2013-04,CR,160.0
2013-05,CR,73.0
2013-06,CR,88.0
2013-07,CR,75.0
2013-08,CR,83.0
2013-09,CR,72.0
2013-10,CR,73.0
2013-11,CR,61.0
2013-12,CR,144.0
2014-01,CR,107.0
2014-02,CR,246.0
2014-03,CR,403.0
2014-04,CR,276.0
2014-05,CR,175.0
2014-06,CR,164.0
2014-07,CR,138.0
2014-08,CR,112.0
2014-09,CR,96.0
2014-10,CR,129.0
2014-11,CR,196.0
2014-12,CR,109.0
2015-01,CR,164.0
2015-02,CR,169.0
2015-03,CR,250.0
2015-04,CR,311.0
2015-05,CR,232.0
2015-06,CR,79.0
2015-07,CR,148.0
2015-08,CR,247.0
2015-09,CR,186.0
2015-10,CR,130.0
2015-11,CR,67.0
2015-12,CR,171.0
2016-01,CR,422.0
2016-02,CR,399.0
2016-03,CR,550.0
2016-04,CR,290.0
2016-05,CR,134.0
2016-06,CR,142.0
2016-07,CR,65.0
2016-08,CR,132.0
2016-09,CR,214.0
2016-10,CR,218.0
2016-11,CR,126.0
2016-12,CR,166.0
2003-02,CU,4.0
2003-03,CU,2.0
2003-04,CU,1.0
2003-12,CU,4.0
2004-01,CU,1.0
2004-02,CU,44.0
2004-03,CU,1.0
2004-04,CU,2.0
2004-12,CU,8.0
2005-01,CU,1.0
2005-02,CU,3.0
2005-05,CU,1.0
2005-07,CU,1.0
2005-12,CU,1.0
2006-02,CU,17.0
2006-03,CU,8.0
2006-04,CU,4.0
2006-09,CU,1.0
2007-01,CU,4.0
2007-03,CU,9.0
2007-09,CU,1.0
2007-10,CU,3.0
2007-11,CU,1.0
2007-12,CU,7.0
2008-01,CU,5.0
2008-02,CU,1.0
2008-03,CU,6.0
2008-04,CU,7.0
2008-05,CU,1.0
2008-06,CU,1.0
2008-07,CU,11.0
2008-08,CU,4.0
2008-10,CU,2.0
2008-11,CU,24.0
2008-12,CU,1.0
2009-01,CU,3.0
2009-03,CU,4.0
2009-04,CU,2.0
2009-05,CU,3.0
2009-09,CU,2.0
2009-12,CU,1.0
2010-01,CU,5.0
2010-02,CU,15.0
2010-03,CU,10.0
2010-04,CU,4.0
2010-11,CU,12.0
2010-12,CU,7.0
2011-01,CU,16.0
2011-02,CU,59.0
2011-03,CU,17.0
2011-04,CU,2.0
2011-05,CU,1.0
2011-06,CU,2.0
2011-07,CU,2.0
2011-08,CU,1.0
2011-09,CU,2.0
2011-10,CU,2.0
2011-11,CU,37.0
2011-12,CU,1.0
2012-01,CU,36.0
2012-02,CU,47.0
2012-03,CU,97.0
2012-04,CU,49.0
2012-06,CU,3.0
2012-07,CU,1.0
2012-10,CU,8.0
2012-11,CU,131.0
2012-12,CU,5.0
2013-01,CU,7.0
2013-02,CU,94.0
2013-03,CU,180.0
2013-04,CU,137.0
2013-05,CU,2.0
2013-06,CU,1.0
2013-08,CU,19.0
2013-09,CU,5.0
2013-10,CU,3.0
2013-11,CU,20.0
2013-12,CU,4.0
2014-01,CU,34.0
2014-02,CU,85.0
2014-03,CU,48.0
2014-04,CU,186.0
2014-05,CU,1.0
2014-06,CU,8.0
2014-07,CU,6.0
2014-08,CU,5.0
2014-09,CU,1.0
2014-10,CU,10.0
2014-12,CU,42.0
2015-01,CU,26.0
2015-02,CU,105.0
2015-03,CU,42.0
2015-04,CU,33.0
2015-06,CU,5.0
2015-07,CU,1.0
2015-08,CU,4.0
2015-09,CU,12.0
2015-10,CU,4.0
2015-11,CU,190.0
2015-12,CU,11.0
2016-01,CU,90.0
2016-02,CU,125.0
2016-03,CU,275.0
2016-04,CU,142.0
2016-05,CU,17.0
2016-06,CU,6.0
2016-07,CU,1.0
2016-08,CU,1.0
2016-09,CU,43.0
2016-10,CU,54.0
2016-11,CU,90.0
2016-12,CU,78.0
2003-01,DO,2.0
2003-02,DO,2.0
2003-08,DO,2.0
2003-12,DO,1.0
2004-01,DO,1.0
2004-03,DO,1.0
2004-04,DO,2.0
2005-01,DO,2.0
2005-03,DO,1.0
2005-05,DO,1.0
2005-07,DO,2.0
2005-12,DO,1.0
2006-02,DO,1.0
2006-07,DO,1.0
2006-12,DO,1.0
2007-01,DO,4.0
2007-03,DO,3.0
2007-05,DO,1.0
2007-06,DO,1.0
2007-07,DO,1.0
2007-08,DO,2.0
2007-09,DO,1.0
2007-10,DO,1.0
2007-11,DO,3.0
2007-12,DO,1.0
2008-01,DO,4.0
2008-02,DO,6.0
2008-03,DO,3.0
2008-04,DO,4.0
2008-06,DO,1.0
2008-07,DO,1.0
2008-10,DO,2.0
2008-11,DO,1.0
2009-02,DO,4.0
2009-03,DO,1.0
2009-04,DO,1.0
2009-07,DO,1.0
2009-08,DO,1.0
2009-09,DO,1.0
2010-01,DO,2.0
2010-02,DO,3.0
2010-03,DO,1.0
2010-08,DO,1.0
2010-10,DO,1.0
2010-11,DO,1.0
2010-12,DO,2.0
2011-01,DO,9.0
2011-02,DO,2.0
2011-03,DO,2.0
2011-06,DO,1.0
2011-07,DO,1.0
2011-09,DO,1.0
2011-10,DO,5.0
2011-11,DO,4.0
2011-12,DO,6.0
2012-01,DO,15.0
2012-02,DO,7.0
2012-03,DO,1.0
2012-04,DO,3.0
2012-05,DO,1.0
2012-07,DO,4.0
2012-09,DO,1.0
2012-10,DO,3.0
2012-11,DO,4.0
2012-12,DO,5.0
2013-01,DO,1.0
2013-02,DO,2.0
2013-03,DO,5.0
2013-04,DO,6.0
2013-05,DO,8.0
2013-06,DO,3.0
2013-07,DO,6.0
2013-08,DO,3.0
2013-09,DO,11.0
2013-10,DO,2.0
2013-11,DO,17.0
2013-12,DO,3.0
2014-01,DO,28.0
2014-02,DO,7.0
2014-03,DO,4.0
2014-04,DO,13.0
2014-05,DO,4.0
2014-06,DO,4.0
2014-07,DO,4.0
2014-08,DO,2.0
2014-09,DO,1.0
2014-10,DO,6.0
2014-11,DO,4.0
2014-12,DO,12.0
2015-01,DO,12.0
2015-02,DO,5.0
2015-03,DO,27.0
2015-04,DO,4.0
2015-05,DO,30.0
2015-07,DO,2.0
2015-08,DO,7.0
2015-09,DO,3.0
2015-10,DO,10.0
2015-11,DO,1.0
2015-12,DO,4.0
2016-01,DO,8.0
2016-02,DO,15.0
2016-03,DO,9.0
2016-04,DO,15.0
2016-05,DO,8.0
2016-06,DO,4.0
2016-08,DO,1.0
2016-10,DO,2.0
2016-11,DO,6.0
2016-12,DO,5.0
2003-01,EC,6.0
2003-02,EC,7.0
2003-03,EC,5.0
2003-04,EC,1.0
2003-05,EC,1.0
2003-06,EC,1.0
2003-07,EC,4.0
2003-08,EC,4.0
2003-09,EC,4.0
2003-10,EC,2.0
2003-11,EC,2.0
2003-12,EC,7.0
2004-01,EC,4.0
2004-02,EC,5.0
2004-03,EC,3.0
2004-04,EC,1.0
2004-05,EC,4.0
2004-06,EC,3.0
2004-07,EC,8.0
2004-08,EC,2.0
2004-09,EC,3.0
2004-10,EC,13.0
2004-11,EC,3.0
2004-12,EC,3.0
2005-01,EC,7.0
2005-02,EC,6.0
2005-03,EC,10.0
2005-04,EC,5.0
2005-05,EC,3.0
2005-06,EC,8.0
2005-07,EC,3.0
2005-08,EC,11.0
2005-09,EC,4.0
2005-10,EC,1.0
2005-11,EC,4.0
2005-12,EC,19.0
2006-01,EC,7.0
2006-02,EC,11.0
2006-03,EC,5.0
2006-04,EC,25.0
2006-05,EC,21.0
2006-06,EC,13.0
2006-07,EC,4.0
2006-08,EC,3.0
2006-09,EC,14.0
2006-11,EC,3.0
2006-12,EC,2.0
2007-01,EC,11.0
2007-02,EC,14.0
2007-03,EC,31.0
2007-04,EC,7.0
2007-05,EC,6.0
2007-06,EC,3.0
2007-07,EC,4.0
2007-08,EC,13.0
2007-09,EC,20.0
2007-10,EC,6.0
2007-11,EC,9.0
2007-12,EC,7.0
2008-01,EC,27.0
2008-02,EC,3.0
2008-03,EC,7.0
2008-04,EC,3.0
2008-05,EC,5.0
2008-06,EC,9.0
2008-07,EC,19.0
2008-08,EC,18.0
2008-09,EC,8.0
2008-10,EC,3.0
2008-11,EC,13.0
2008-12,EC,10.0
2009-01,EC,7.0
2009-02,EC,22.0
2009-03,EC,7.0
2009-04,EC,3.0
2009-05,EC,6.0
2009-06,EC,3.0
2009-07,EC,25.0
2009-08,EC,4.0
2009-09,EC,23.0
2009-10,EC,26.0
2009-11,EC,11.0
2009-12,EC,9.0
2010-01,EC,6.0
2010-02,EC,35.0
2010-03,EC,19.0
2010-04,EC,12.0
2010-05,EC,4.0
2010-06,EC,2.0
2010-07,EC,15.0
2010-08,EC,6.0
2010-09,EC,14.0
2010-10,EC,16.0
2010-11,EC,30.0
2010-12,EC,10.0
2011-01,EC,23.0
2011-02,EC,39.0
2011-03,EC,20.0
2011-04,EC,7.0
2011-05,EC,15.0
2011-06,EC,7.0
2011-07,EC,18.0
2011-08,EC,12.0
2011-09,EC,14.0
2011-10,EC,17.0
2011-11,EC,43.0
2011-12,EC,23.0
2012-01,EC,41.0
2012-02,EC,33.0
2012-03,EC,9.0
2012-04,EC,11.0
2012-05,EC,3.0
2012-06,EC,31.0
2012-07,EC,13.0
2012-08,EC,17.0
2012-09,EC,27.0
2012-10,EC,15.0
2012-11,EC,43.0
2012-12,EC,8.0
2013-01,EC,16.0
2013-02,EC,25.0
2013-03,EC,18.0
2013-04,EC,35.0
2013-05,EC,14.0
2013-06,EC,27.0
2013-07,EC,30.0
2013-08,EC,32.0
2013-09,EC,36.0
2013-10,EC,23.0
2013-11,EC,20.0
2013-12,EC,56.0
2014-01,EC,55.0
2014-02,EC,41.0
2014-03,EC,70.0
2014-04,EC,31.0
2014-05,EC,53.0
2014-06,EC,26.0
2014-07,EC,65.0
2014-08,EC,79.0
2014-09,EC,80.0
2014-10,EC,104.0
2014-11,EC,112.0
2014-12,EC,26.0
2015-01,EC,30.0
2015-02,EC,55.0
2015-03,EC,62.0
2015-04,EC,42.0
2015-05,EC,60.0
2015-06,EC,36.0
2015-07,EC,69.0
2015-08,EC,62.0
2015-09,EC,49.0
2015-10,EC,39.0
2015-11,EC,46.0
2015-12,EC,44.0
2016-01,EC,90.0
2016-02,EC,42.0
2016-03,EC,73.0
2016-04,EC,26.0
2016-05,EC,22.0
2016-06,EC,37.0
2016-07,EC,23.0
2016-08,EC,41.0
2016-09,EC,37.0
2016-10,EC,79.0
2016-11,EC,71.0
2016-12,EC,25.0
2003-01,FK,1.0
2003-02,FK,1.0
2004-12,FK,1.0
2005-02,FK,1.0
2005-12,FK,1.0
2006-01,FK,1.0
2006-02,FK,1.0
2006-11,FK,1.0
2008-01,FK,2.0
2008-02,FK,9.0
2009-01,FK,1.0
2010-01,FK,6.0
2010-04,FK,1.0
2010-11,FK,1.0
2010-12,FK,3.0
2011-01,FK,2.0
2011-12,FK,2.0
2012-01,FK,1.0
2012-03,FK,9.0
2012-11,FK,1.0
2012-12,FK,1.0
2013-01,FK,3.0
2013-11,FK,8.0
2013-12,FK,7.0
2014-01,FK,9.0
2014-02,FK,3.0
2014-04,FK,1.0
2014-12,FK,12.0
2015-01,FK,3.0
2015-02,FK,4.0
2015-03,FK,3.0
2015-12,FK,3.0
2016-01,FK,4.0
2016-03,FK,3.0
2016-11,FK,2.0
2016-12,FK,2.0
2007-02,GF,1.0
2009-05,GF,2.0
2010-02,GF,1.0
2011-01,GF,1.0
2016-10,GF,2.0
2016-12,GF,1.0
2003-02,GT,1.0
2003-03,GT,1.0
2004-01,GT,1.0
2004-09,GT,2.0
2005-02,GT,1.0
2005-03,GT,7.0
2005-04,GT,1.0
2005-05,GT,4.0
2005-06,GT,1.0
2005-11,GT,1.0
2005-12,GT,1.0
2006-01,GT,1.0
2006-02,GT,2.0
2006-03,GT,2.0
2006-05,GT,1.0
2006-09,GT,5.0
2007-02,GT,4.0
2007-03,GT,4.0
2007-04,GT,3.0
2007-05,GT,3.0
2007-08,GT,3.0
2007-09,GT,1.0
2007-11,GT,3.0
2007-12,GT,1.0
2008-01,GT,1.0
2008-02,GT,20.0
2008-03,GT,42.0
2008-04,GT,9.0
2008-06,GT,1.0
2008-09,GT,3.0
2008-11,GT,1.0
2008-12,GT,1.0
2009-01,GT,6.0
2009-02,GT,10.0
2009-03,GT,3.0
2009-04,GT,2.0
2009-05,GT,5.0
2009-07,GT,1.0
2009-08,GT,3.0
2009-09,GT,5.0
2009-10,GT,8.0
2009-12,GT,10.0
2010-01,GT,2.0
2010-02,GT,8.0
2010-03,GT,3.0
2010-04,GT,5.0
2010-06,GT,1.0
2010-07,GT,1.0
2010-09,GT,3.0
2010-10,GT,2.0
2010-11,GT,1.0
2010-12,GT,9.0
2011-01,GT,7.0
2011-02,GT,6.0
2011-03,GT,10.0
2011-05,GT,2.0
2011-06,GT,3.0
2011-07,GT,3.0
2011-08,GT,4.0
2011-09,GT,3.0
2011-10,GT,3.0
2011-11,GT,2.0
2011-12,GT,15.0
2012-01,GT,29.0
2012-02,GT,7.0
2012-03,GT,13.0
2012-04,GT,3.0
2012-05,GT,4.0
2012-06,GT,2.0
2012-07,GT,2.0
2012-08,GT,12.0
2012-09,GT,7.0
2012-10,GT,4.0
2012-11,GT,9.0
2012-12,GT,12.0
2013-01,GT,8.0
2013-02,GT,3.0
2013-03,GT,15.0
2013-04,GT,14.0
2013-05,GT,13.0
2013-06,GT,9.0
2013-07,GT,11.0
2013-08,GT,6.0
2013-09,GT,1.0
2013-10,GT,7.0
2013-11,GT,4.0
2013-12,GT,12.0
2014-01,GT,12.0
2014-02,GT,22.0
2014-03,GT,41.0
2014-04,GT,14.0
2014-05,GT,11.0
2014-06,GT,10.0
2014-07,GT,8.0
2014-08,GT,4.0
2014-09,GT,8.0
2014-10,GT,32.0
2014-11,GT,26.0
2014-12,GT,34.0
2015-01,GT,20.0
2015-02,GT,32.0
2015-03,GT,18.0
2015-04,GT,17.0
2015-05,GT,74.0
2015-06,GT,13.0
2015-07,GT,25.0
2015-08,GT,30.0
2015-09,GT,52.0
2015-10,GT,24.0
2015-11,GT,40.0
2015-12,GT,11.0
2016-01,GT,55.0
2016-02,GT,39.0
2016-03,GT,53.0
2016-04,GT,36.0
2016-05,GT,44.0
2016-06,GT,44.0
2016-07,GT,7.0
2016-08,GT,28.0
2016-09,GT,64.0
2016-10,GT,68.0
2016-11,GT,55.0
2016-12,GT,63.0
2005-01,GY,1.0
2008-08,GY,1.0
2009-02,GY,7.0
2009-10,GY,1.0
2010-10,GY,1.0
2011-01,GY,2.0
2011-07,GY,1.0
2012-01,GY,19.0
2012-10,GY,8.0
2012-11,GY,3.0
2013-04,GY,1.0
2013-08,GY,1.0
2013-10,GY,1.0
2013-11,GY,3.0
2014-01,GY,10.0
2014-02,GY,1.0
2014-03,GY,1.0
2014-04,GY,9.0
2014-05,GY,2.0
2014-06,GY,3.0
2014-08,GY,1.0
2014-09,GY,1.0
2014-10,GY,2.0
2014-11,GY,3.0
2014-12,GY,7.0
2015-01,GY,9.0
2015-02,GY,3.0
2015-03,GY,11.0
2015-04,GY,4.0
2015-05,GY,3.0
2015-07,GY,1.0
2015-08,GY,7.0
2015-09,GY,4.0
2016-01,GY,2.0
2016-02,GY,1.0
2016-03,GY,2.0
2016-04,GY,1.0
2016-06,GY,1.0
2016-07,GY,8.0
2016-08,GY,1.0
2016-09,GY,1.0
2016-11,GY,9.0
2016-12,GY,1.0
2003-02,HN,1.0
2003-03,HN,9.0
2003-10,HN,1.0
2004-02,HN,1.0
2004-03,HN,10.0
2005-01,HN,2.0
2005-03,HN,1.0
2005-07,HN,1.0
2005-08,HN,1.0
2005-11,HN,1.0
2006-02,HN,1.0
2006-04,HN,3.0
2006-05,HN,2.0
2006-07,HN,2.0
2006-08,HN,9.0
2006-09,HN,2.0
2006-10,HN,1.0
2006-11,HN,1.0
2007-07,HN,2.0
2007-08,HN,1.0
2007-09,HN,4.0
2007-11,HN,1.0
2007-12,HN,2.0
2008-01,HN,1.0
2008-02,HN,3.0
2008-03,HN,15.0
2008-05,HN,2.0
2008-07,HN,1.0
2008-11,HN,1.0
2008-12,HN,4.0
2009-01,HN,3.0
2009-02,HN,7.0
2009-04,HN,2.0
2009-09,HN,7.0
2009-10,HN,2.0
2009-11,HN,1.0
2009-12,HN,1.0
2010-01,HN,3.0
2010-02,HN,2.0
2010-03,HN,8.0
2010-04,HN,12.0
2010-05,HN,1.0
2010-06,HN,3.0
2010-07,HN,4.0
2010-08,HN,1.0
2010-10,HN,3.0
2010-11,HN,5.0
2010-12,HN,7.0
2011-01,HN,11.0
2011-02,HN,11.0
2011-03,HN,12.0
2011-04,HN,19.0
2011-05,HN,11.0
2011-06,HN,15.0
2011-07,HN,4.0
2011-08,HN,14.0
2011-09,HN,5.0
2011-10,HN,7.0
2011-11,HN,25.0
2011-12,HN,38.0
2012-01,HN,28.0
2012-02,HN,31.0
2012-03,HN,43.0
2012-04,HN,39.0
2012-05,HN,22.0
2012-06,HN,29.0
2012-07,HN,15.0
2012-08,HN,27.0
2012-09,HN,27.0
2012-10,HN,31.0
2012-11,HN,32.0
2012-12,HN,26.0
2013-01,HN,26.0
2013-02,HN,40.0
2013-03,HN,88.0
2013-04,HN,63.0
2013-05,HN,85.0
2013-06,HN,92.0
2013-07,HN,98.0
2013-08,HN,30.0
2013-09,HN,40.0
2013-10,HN,38.0
2013-11,HN,39.0
2013-12,HN,25.0
2014-01,HN,26.0
2014-02,HN,94.0
2014-03,HN,71.0
2014-04,HN,147.0
2014-05,HN,126.0
2014-06,HN,83.0
2014-07,HN,69.0
2014-08,HN,53.0
2014-09,HN,96.0
2014-10,HN,95.0
2014-11,HN,102.0
2014-12,HN,47.0
2015-01,HN,43.0
2015-02,HN,62.0
2015-03,HN,99.0
2015-04,HN,199.0
2015-05,HN,197.0
2015-06,HN,59.0
2015-07,HN,141.0
2015-08,HN,144.0
2015-09,HN,142.0
2015-10,HN,78.0
2015-11,HN,135.0
2015-12,HN,133.0
2016-01,HN,128.0
2016-02,HN,184.0
2016-03,HN,167.0
2016-04,HN,233.0
2016-05,HN,103.0
2016-06,HN,105.0
2016-07,HN,19.0
2016-08,HN,44.0
2016-09,HN,88.0
2016-10,HN,132.0
2016-11,HN,129.0
2016-12,HN,52.0
2007-02,HT,4.0
2007-04,HT,2.0
2008-02,HT,1.0
2009-12,HT,1.0
2011-03,HT,1.0
2011-06,HT,1.0
2011-11,HT,3.0
2011-12,HT,9.0
2012-01,HT,1.0
2012-03,HT,4.0
2012-06,HT,2.0
2012-07,HT,2.0
2012-10,HT,1.0
2012-11,HT,1.0
2012-12,HT,1.0
2013-01,HT,1.0
2013-02,HT,1.0
2013-03,HT,2.0
2013-04,HT,2.0
2013-05,HT,1.0
2013-06,HT,3.0
2013-08,HT,2.0
2013-09,HT,7.0
2013-12,HT,1.0
2014-02,HT,1.0
2014-03,HT,3.0
2014-04,HT,15.0
2014-06,HT,2.0
2014-09,HT,1.0
2014-10,HT,1.0
2014-11,HT,3.0
2014-12,HT,2.0
2015-02,HT,1.0
2015-04,HT,1.0
2015-05,HT,10.0
2015-06,HT,3.0
2015-12,HT,3.0
2016-03,HT,1.0
2016-12,HT,4.0
2003-01,JM,1.0
2003-03,JM,1.0
2003-04,JM,1.0
2004-11,JM,5.0
2004-12,JM,43.0
2005-01,JM,26.0
2005-02,JM,29.0
2005-03,JM,41.0
2005-04,JM,23.0
2005-05,JM,21.0
2005-06,JM,34.0
2005-07,JM,18.0
2005-10,JM,8.0
2005-12,JM,11.0
2006-02,JM,1.0
2006-03,JM,24.0
2006-04,JM,1.0
2006-05,JM,7.0
2006-07,JM,22.0
2006-08,JM,1.0
2006-10,JM,1.0
2006-11,JM,2.0
2006-12,JM,1.0
2007-01,JM,1.0
2007-03,JM,2.0
2007-07,JM,1.0
2007-10,JM,2.0
2007-11,JM,3.0
2007-12,JM,17.0
2008-01,JM,5.0
2008-02,JM,3.0
2008-04,JM,7.0
2008-08,JM,1.0
2009-01,JM,3.0
2009-03,JM,2.0
2009-04,JM,19.0
2009-05,JM,20.0
2009-06,JM,12.0
2009-07,JM,5.0
2009-08,JM,3.0
2009-09,JM,2.0
2009-11,JM,5.0
2009-12,JM,2.0
2010-01,JM,3.0
2010-02,JM,14.0
2010-04,JM,4.0
2010-06,JM,4.0
2010-07,JM,7.0
2010-10,JM,1.0
2011-01,JM,14.0
2011-02,JM,12.0
2011-03,JM,2.0
2011-05,JM,4.0
2011-07,JM,2.0
2011-11,JM,1.0
2011-12,JM,11.0
2012-01,JM,13.0
2012-02,JM,47.0
2012-03,JM,23.0
2012-04,JM,27.0
2012-05,JM,2.0
2012-08,JM,5.0
2012-11,JM,6.0
2012-12,JM,14.0
2013-01,JM,71.0
2013-02,JM,42.0
2013-03,JM,38.0
2013-04,JM,69.0
2013-05,JM,17.0
2013-06,JM,1.0
2013-08,JM,3.0
2013-09,JM,2.0
2013-10,JM,2.0
2013-11,JM,4.0
2013-12,JM,3.0
2014-01,JM,8.0
2014-02,JM,33.0
2014-03,JM,16.0
2014-04,JM,35.0
2014-05,JM,19.0
2014-06,JM,17.0
2014-07,JM,7.0
2014-08,JM,3.0
2014-09,JM,7.0
2014-10,JM,4.0
2014-11,JM,2.0
2014-12,JM,39.0
2015-01,JM,191.0
2015-02,JM,111.0
2015-03,JM,318.0
2015-04,JM,105.0
2015-05,JM,2.0
2015-06,JM,12.0
2015-07,JM,101.0
2015-08,JM,11.0
2015-09,JM,1.0
2015-12,JM,2.0
2016-01,JM,15.0
2016-02,JM,30.0
2016-03,JM,89.0
2016-04,JM,24.0
2016-05,JM,2.0
2016-06,JM,1.0
2016-11,JM,3.0
2016-12,JM,6.0
2006-03,KY,1.0
2008-03,KY,1.0
2009-06,KY,3.0
2011-05,KY,1.0
2011-11,KY,1.0
2011-12,KY,1.0
2012-03,KY,3.0
2012-04,KY,1.0
2012-05,KY,1.0
2012-10,KY,1.0
2012-11,KY,1.0
2012-12,KY,4.0
2013-01,KY,2.0
2013-02,KY,1.0
2013-03,KY,1.0
2013-10,KY,1.0
2014-02,KY,2.0
2014-04,KY,3.0
2015-02,KY,1.0
2015-05,KY,1.0
2015-07,KY,1.0
2016-01,KY,1.0
2003-01,MX,59.0
2003-02,MX,30.0
2003-03,MX,49.0
2003-04,MX,5.0
2003-05,MX,10.0
2003-06,MX,4.0
2003-07,MX,15.0
2003-08,MX,7.0
2003-09,MX,16.0
2003-10,MX,45.0
2003-11,MX,12.0
2003-12,MX,68.0
2004-01,MX,52.0
2004-02,MX,45.0
2004-03,MX,26.0
2004-04,MX,47.0
2004-05,MX,15.0
2004-06,MX,9.0
2004-07,MX,12.0
2004-08,MX,11.0
2004-09,MX,8.0
2004-10,MX,19.0
2004-11,MX,27.0
2004-12,MX,64.0
2005-01,MX,98.0
2005-02,MX,53.0
2005-03,MX,57.0
2005-04,MX,39.0
2005-05,MX,15.0
2005-06,MX,19.0
2005-07,MX,20.0
2005-08,MX,9.0
2005-09,MX,59.0
2005-10,MX,14.0
2005-11,MX,55.0
2005-12,MX,50.0
2006-01,MX,54.0
2006-02,MX,60.0
2006-03,MX,70.0
2006-04,MX,33.0
2006-05,MX,57.0
2006-06,MX,14.0
2006-07,MX,33.0
2006-08,MX,10.0
2006-09,MX,37.0
2006-10,MX,110.0
2006-11,MX,44.0
2006-12,MX,79.0
2007-01,MX,76.0
2007-02,MX,48.0
2007-03,MX,116.0
2007-04,MX,34.0
2007-05,MX,24.0
2007-06,MX,28.0
2007-07,MX,67.0
2007-08,MX,53.0
2007-09,MX,20.0
2007-10,MX,74.0
2007-11,MX,63.0
2007-12,MX,38.0
2008-01,MX,121.0
2008-02,MX,103.0
2008-03,MX,178.0
2008-04,MX,55.0
2008-05,MX,16.0
2008-06,MX,17.0
2008-07,MX,22.0
2008-08,MX,20.0
2008-09,MX,29.0
2008-10,MX,47.0
2008-11,MX,30.0
2008-12,MX,69.0
2009-01,MX,93.0
2009-02,MX,71.0
2009-03,MX,60.0
2009-04,MX,64.0
2009-05,MX,25.0
2009-06,MX,33.0
2009-07,MX,71.0
2009-08,MX,35.0
2009-09,MX,37.0
2009-10,MX,100.0
2009-11,MX,35.0
2009-12,MX,61.0
2010-01,MX,97.0
2010-02,MX,133.0
2010-03,MX,216.0
2010-04,MX,109.0
2010-05,MX,42.0
2010-06,MX,27.0
2010-07,MX,35.0
2010-08,MX,25.0
2010-09,MX,31.0
2010-10,MX,38.0
2010-11,MX,55.0
2010-12,MX,88.0
2011-01,MX,193.0
2011-02,MX,150.0
2011-03,MX,174.0
2011-04,MX,77.0
2011-05,MX,63.0
2011-06,MX,46.0
2011-07,MX,77.0
2011-08,MX,80.0
2011-09,MX,57.0
2011-10,MX,123.0
2011-11,MX,199.0
2011-12,MX,163.0
2012-01,MX,284.0
2012-02,MX,253.0
2012-03,MX,226.0
2012-04,MX,132.0
2012-05,MX,121.0
2012-06,MX,128.0
2012-07,MX,78.0
2012-08,MX,79.0
2012-09,MX,103.0
2012-10,MX,136.0
2012-11,MX,207.0
2012-12,MX,201.0
2013-01,MX,187.0
2013-02,MX,270.0
2013-03,MX,392.0
2013-04,MX,245.0
2013-05,MX,246.0
2013-06,MX,222.0
2013-07,MX,229.0
2013-08,MX,150.0
2013-09,MX,180.0
2013-10,MX,215.0
2013-11,MX,196.0
2013-12,MX,315.0
2014-01,MX,219.0
2014-02,MX,339.0
2014-03,MX,534.0
2014-04,MX,399.0
2014-05,MX,326.0
2014-06,MX,299.0
2014-07,MX,182.0
2014-08,MX,118.0
2014-09,MX,215.0
2014-10,MX,318.0
2014-11,MX,381.0
2014-12,MX,238.0
2015-01,MX,340.0
2015-02,MX,203.0
2015-03,MX,312.0
2015-04,MX,423.0
2015-05,MX,417.0
2015-06,MX,141.0
2015-07,MX,212.0
2015-08,MX,389.0
2015-09,MX,288.0
2015-10,MX,178.0
2015-11,MX,128.0
2015-12,MX,300.0
2016-01,MX,428.0
2016-02,MX,615.0
2016-03,MX,526.0
2016-04,MX,300.0
2016-05,MX,268.0
2016-06,MX,180.0
2016-07,MX,45.0
2016-08,MX,150.0
2016-09,MX,222.0
2016-10,MX,309.0
2016-11,MX,244.0
2016-12,MX,289.0
2004-07,NI,1.0
2005-02,NI,5.0
2005-03,NI,2.0
2005-04,NI,1.0
2005-10,NI,1.0
2005-12,NI,16.0
2006-05,NI,1.0
2006-10,NI,2.0
2006-11,NI,1.0
2007-03,NI,4.0
2007-04,NI,2.0
2007-07,NI,1.0
2008-02,NI,3.0
2008-03,NI,3.0
2008-04,NI,1.0
2008-07,NI,1.0
2008-08,NI,1.0
2008-10,NI,3.0
2008-11,NI,1.0
2009-01,NI,1.0
2009-02,NI,1.0
2009-03,NI,1.0
2009-04,NI,2.0
2009-06,NI,2.0
2009-07,NI,2.0
2009-09,NI,3.0
2009-10,NI,1.0
2009-11,NI,1.0
2009-12,NI,1.0
2010-01,NI,3.0
2010-02,NI,3.0
2010-03,NI,1.0
2010-04,NI,4.0
2010-05,NI,4.0
2010-06,NI,3.0
2010-07,NI,1.0
2010-08,NI,1.0
2010-09,NI,1.0
2010-10,NI,1.0
2010-11,NI,5.0
2010-12,NI,4.0
2011-01,NI,7.0
2011-02,NI,10.0
2011-03,NI,26.0
2011-04,NI,8.0
2011-05,NI,3.0
2011-07,NI,6.0
2011-08,NI,6.0
2011-09,NI,4.0
2011-10,NI,7.0
2011-11,NI,28.0
2011-12,NI,37.0
2012-01,NI,14.0
2012-02,NI,16.0
2012-03,NI,18.0
2012-04,NI,6.0
2012-05,NI,2.0
2012-06,NI,15.0
2012-07,NI,18.0
2012-08,NI,17.0
2012-09,NI,10.0
2012-10,NI,3.0
2012-11,NI,8.0
2012-12,NI,16.0
2013-01,NI,21.0
2013-02,NI,23.0
2013-03,NI,20.0
2013-04,NI,20.0
2013-05,NI,12.0
2013-06,NI,8.0
2013-07,NI,23.0
2013-08,NI,5.0
2013-09,NI,11.0
2013-10,NI,8.0
2013-11,NI,7.0
2013-12,NI,21.0
2014-01,NI,9.0
2014-02,NI,26.0
2014-03,NI,52.0
2014-04,NI,14.0
2014-05,NI,35.0
2014-06,NI,12.0
2014-07,NI,11.0
2014-08,NI,16.0
2014-09,NI,24.0
2014-10,NI,22.0
2014-11,NI,21.0
2014-12,NI,5.0
2015-01,NI,25.0
2015-02,NI,11.0
2015-03,NI,27.0
2015-04,NI,21.0
2015-05,NI,66.0
2015-06,NI,12.0
2015-07,NI,8.0
2015-08,NI,22.0
2015-09,NI,61.0
2015-10,NI,8.0
2015-11,NI,9.0
2015-12,NI,44.0
2016-01,NI,36.0
2016-02,NI,85.0
2016-03,NI,64.0
2016-04,NI,19.0
2016-05,NI,27.0
2016-06,NI,33.0
2016-07,NI,3.0
2016-08,NI,20.0
2016-09,NI,11.0
2016-10,NI,23.0
2016-11,NI,39.0
2016-12,NI,14.0
2003-01,PA,4.0
2003-02,PA,39.0
2003-03,PA,14.0
2003-07,PA,12.0
2003-10,PA,5.0
2003-11,PA,1.0
2003-12,PA,2.0
2004-01,PA,5.0
2004-02,PA,6.0
2004-03,PA,23.0
2004-04,PA,6.0
2004-05,PA,5.0
2004-06,PA,1.0
2004-09,PA,8.0
2004-12,PA,10.0
2005-01,PA,5.0
2005-02,PA,14.0
2005-03,PA,32.0
2005-05,PA,3.0
2005-06,PA,3.0
2005-07,PA,10.0
2005-08,PA,3.0
2005-09,PA,5.0
2005-10,PA,6.0
2005-11,PA,5.0
2005-12,PA,4.0
2006-01,PA,38.0
2006-02,PA,17.0
2006-03,PA,21.0
2006-04,PA,3.0
2006-06,PA,12.0
2006-07,PA,5.0
2006-08,PA,3.0
2006-09,PA,13.0
2006-10,PA,7.0
2006-11,PA,2.0
2006-12,PA,1.0
2007-01,PA,20.0
2007-02,PA,8.0
2007-03,PA,5.0
2007-04,PA,4.0
2007-05,PA,1.0
2007-06,PA,10.0
2007-07,PA,48.0
2007-09,PA,1.0
2007-10,PA,12.0
2007-11,PA,35.0
2007-12,PA,8.0
2008-01,PA,10.0
2008-02,PA,33.0
2008-03,PA,53.0
2008-04,PA,7.0
2008-05,PA,6.0
2008-07,PA,3.0
2008-08,PA,12.0
2008-09,PA,3.0
2008-10,PA,21.0
2008-11,PA,11.0
2008-12,PA,8.0
2009-01,PA,14.0
2009-02,PA,23.0
2009-03,PA,21.0
2009-04,PA,8.0
2009-05,PA,8.0
2009-06,PA,2.0
2009-07,PA,1.0
2009-08,PA,12.0
2009-09,PA,3.0
2009-10,PA,6.0
2009-11,PA,10.0
2009-12,PA,15.0
2010-01,PA,10.0
2010-02,PA,47.0
2010-03,PA,99.0
2010-04,PA,10.0
2010-05,PA,7.0
2010-06,PA,11.0
2010-07,PA,29.0
2010-08,PA,10.0
2010-09,PA,2.0
2010-10,PA,1.0
2010-11,PA,12.0
2010-12,PA,46.0
2011-01,PA,45.0
2011-02,PA,68.0
2011-03,PA,38.0
2011-04,PA,13.0
2011-05,PA,13.0
2011-06,PA,20.0
2011-07,PA,3.0
2011-08,PA,27.0
2011-09,PA,1.0
2011-10,PA,20.0
2011-11,PA,15.0
2011-12,PA,36.0
2012-01,PA,98.0
2012-02,PA,81.0
2012-03,PA,27.0
2012-04,PA,17.0
2012-05,PA,25.0
2012-06,PA,41.0
2012-07,PA,54.0
2012-08,PA,12.0
2012-09,PA,22.0
2012-10,PA,16.0
2012-11,PA,28.0
2012-12,PA,40.0
2013-01,PA,36.0
2013-02,PA,101.0
2013-03,PA,158.0
2013-04,PA,84.0
2013-05,PA,17.0
2013-06,PA,35.0
2013-07,PA,51.0
2013-08,PA,13.0
2013-09,PA,20.0
2013-10,PA,45.0
2013-11,PA,31.0
2013-12,PA,46.0
2014-01,PA,58.0
2014-02,PA,138.0
2014-03,PA,191.0
2014-04,PA,116.0
2014-05,PA,44.0
2014-06,PA,75.0
2014-07,PA,77.0
2014-08,PA,90.0
2014-09,PA,101.0
2014-10,PA,104.0
2014-11,PA,98.0
2014-12,PA,92.0
2015-01,PA,85.0
2015-02,PA,137.0
2015-03,PA,138.0
2015-04,PA,188.0
2015-05,PA,309.0
2015-06,PA,42.0
2015-07,PA,37.0
2015-08,PA,81.0
2015-09,PA,122.0
2015-10,PA,91.0
2015-11,PA,65.0
2015-12,PA,142.0
2016-01,PA,201.0
2016-02,PA,267.0
2016-03,PA,298.0
2016-04,PA,258.0
2016-05,PA,111.0
2016-06,PA,117.0
2016-07,PA,24.0
2016-08,PA,49.0
2016-09,PA,78.0
2016-10,PA,110.0
2016-11,PA,119.0
2016-12,PA,101.0
2003-03,PE,1.0
2003-05,PE,1.0
2003-06,PE,1.0
2003-07,PE,15.0
2003-08,PE,8.0
2003-09,PE,9.0
2003-10,PE,3.0
2003-11,PE,9.0
2003-12,PE,1.0
2004-02,PE,2.0
2004-05,PE,1.0
2004-06,PE,1.0
2004-07,PE,2.0
2004-08,PE,12.0
2004-09,PE,1.0
2004-10,PE,12.0
2004-11,PE,12.0
2004-12,PE,28.0
2005-01,PE,2.0
2005-02,PE,1.0
2005-03,PE,4.0
2005-04,PE,1.0
2005-05,PE,2.0
2005-06,PE,3.0
2005-07,PE,4.0
2005-08,PE,13.0
2005-09,PE,34.0
2005-10,PE,9.0
2005-11,PE,2.0
2005-12,PE,1.0
2006-01,PE,2.0
2006-02,PE,8.0
2006-03,PE,1.0
2006-04,PE,4.0
2006-05,PE,3.0
2006-06,PE,4.0
2006-07,PE,16.0
2006-08,PE,9.0
2006-10,PE,2.0
2006-11,PE,10.0
2006-12,PE,4.0
2007-01,PE,1.0
2007-03,PE,1.0
2007-05,PE,7.0
2007-06,PE,3.0
2007-07,PE,4.0
2007-08,PE,22.0
2007-09,PE,13.0
2007-10,PE,3.0
2007-11,PE,3.0
2008-02,PE,1.0
2008-03,PE,1.0
2008-04,PE,6.0
2008-05,PE,5.0
2008-06,PE,9.0
2008-07,PE,23.0
2008-08,PE,31.0
2008-09,PE,8.0
2008-10,PE,17.0
2008-11,PE,8.0
2008-12,PE,22.0
2009-01,PE,3.0
2009-02,PE,2.0
2009-04,PE,1.0
2009-05,PE,3.0
2009-06,PE,27.0
2009-07,PE,10.0
2009-08,PE,3.0
2009-09,PE,6.0
2009-10,PE,4.0
2009-11,PE,9.0
2009-12,PE,15.0
2010-01,PE,14.0
2010-02,PE,93.0
2010-03,PE,24.0
2010-04,PE,22.0
2010-05,PE,41.0
2010-06,PE,17.0
2010-07,PE,39.0
2010-08,PE,59.0
2010-09,PE,6.0
2010-10,PE,13.0
2010-11,PE,7.0
2010-12,PE,12.0
2011-01,PE,11.0
2011-02,PE,2.0
2011-03,PE,29.0
2011-04,PE,40.0
2011-05,PE,4.0
2011-06,PE,6.0
2011-07,PE,40.0
2011-08,PE,19.0
2011-09,PE,47.0
2011-10,PE,22.0
2011-11,PE,82.0
2011-12,PE,9.0
2012-01,PE,8.0
2012-02,PE,6.0
2012-03,PE,16.0
2012-04,PE,17.0
2012-05,PE,31.0
2012-06,PE,25.0
2012-07,PE,15.0
2012-08,PE,50.0
2012-09,PE,55.0
2012-10,PE,26.0
2012-11,PE,21.0
2012-12,PE,8.0
2013-01,PE,20.0
2013-02,PE,26.0
2013-03,PE,23.0
2013-04,PE,65.0
2013-05,PE,54.0
2013-06,PE,393.0
2013-07,PE,68.0
2013-08,PE,66.0
2013-09,PE,40.0
2013-10,PE,56.0
2013-11,PE,36.0
2013-12,PE,28.0
2014-01,PE,38.0
2014-02,PE,116.0
2014-03,PE,90.0
2014-04,PE,13.0
2014-05,PE,92.0
2014-06,PE,39.0
2014-07,PE,30.0
2014-08,PE,49.0
2014-09,PE,34.0
2014-10,PE,101.0
2014-11,PE,34.0
2014-12,PE,12.0
2015-01,PE,5.0
2015-02,PE,21.0
2015-03,PE,25.0
2015-04,PE,34.0
2015-05,PE,147.0
2015-06,PE,38.0
2015-07,PE,138.0
2015-08,PE,93.0
2015-09,PE,64.0
2015-10,PE,37.0
2015-11,PE,3.0
2015-12,PE,10.0
2016-01,PE,29.0
2016-02,PE,55.0
2016-03,PE,38.0
2016-04,PE,30.0
2016-05,PE,68.0
2016-06,PE,56.0
2016-07,PE,80.0
2016-08,PE,101.0
2016-09,PE,139.0
2016-10,PE,49.0
2016-11,PE,53.0
2016-12,PE,24.0
2003-04,PR,2.0
2003-12,PR,2.0
2004-01,PR,1.0
2004-02,PR,5.0
2004-05,PR,1.0
2004-06,PR,1.0
2004-12,PR,1.0
2005-01,PR,1.0
2005-02,PR,2.0
2005-03,PR,1.0
2005-05,PR,2.0
2005-06,PR,2.0
2005-07,PR,2.0
2005-09,PR,1.0
2005-11,PR,5.0
2006-01,PR,2.0
2006-02,PR,12.0
2006-04,PR,7.0
2006-05,PR,1.0
2006-06,PR,2.0
2006-07,PR,3.0
2006-08,PR,7.0
2006-09,PR,6.0
2006-10,PR,8.0
2006-11,PR,8.0
2006-12,PR,10.0
2007-01,PR,3.0
2007-02,PR,12.0
2007-03,PR,10.0
2007-04,PR,5.0
2007-05,PR,7.0
2007-06,PR,4.0
2007-07,PR,24.0
2007-08,PR,13.0
2007-09,PR,3.0
2007-10,PR,4.0
2007-11,PR,16.0
2007-12,PR,4.0
2008-01,PR,11.0
2008-02,PR,2.0
2008-03,PR,7.0
2008-05,PR,2.0
2008-06,PR,2.0
2008-07,PR,7.0
2008-08,PR,1.0
2008-09,PR,2.0
2008-10,PR,1.0
2008-11,PR,2.0
2008-12,PR,2.0
2009-01,PR,11.0
2009-02,PR,1.0
2009-03,PR,1.0
2009-04,PR,15.0
2009-05,PR,7.0
2009-08,PR,1.0
2009-09,PR,1.0
2009-10,PR,5.0
2009-11,PR,6.0
2009-12,PR,6.0
2010-01,PR,11.0
2010-02,PR,5.0
2010-03,PR,3.0
2010-04,PR,4.0
2010-05,PR,11.0
2010-06,PR,2.0
2010-08,PR,1.0
2010-09,PR,4.0
2010-10,PR,4.0
2010-11,PR,1.0
2010-12,PR,4.0
2011-01,PR,21.0
2011-02,PR,11.0
2011-03,PR,8.0
2011-04,PR,4.0
2011-05,PR,6.0
2011-06,PR,10.0
2011-07,PR,1.0
2011-08,PR,7.0
2011-09,PR,3.0
2011-10,PR,1.0
2011-11,PR,10.0
2011-12,PR,17.0
2012-01,PR,33.0
2012-02,PR,20.0
2012-03,PR,25.0
2012-04,PR,8.0
2012-05,PR,15.0
2012-06,PR,5.0
2012-07,PR,7.0
2012-08,PR,10.0
2012-09,PR,9.0
2012-10,PR,19.0
2012-11,PR,21.0
2012-12,PR,23.0
2013-01,PR,13.0
2013-02,PR,16.0
2013-03,PR,20.0
2013-04,PR,21.0
2013-05,PR,17.0
2013-06,PR,24.0
2013-07,PR,10.0
2013-08,PR,12.0
2013-09,PR,13.0
2013-10,PR,35.0
2013-11,PR,28.0
2013-12,PR,50.0
2014-01,PR,13.0
2014-02,PR,18.0
2014-03,PR,40.0
2014-04,PR,56.0
2014-05,PR,28.0
2014-06,PR,29.0
2014-07,PR,24.0
2014-08,PR,14.0
2014-09,PR,76.0
2014-10,PR,28.0
2014-11,PR,20.0
2014-12,PR,14.0
2015-01,PR,18.0
2015-02,PR,5.0
2015-03,PR,17.0
2015-04,PR,17.0
2015-05,PR,79.0
2015-06,PR,25.0
2015-07,PR,59.0
2015-08,PR,40.0
2015-09,PR,64.0
2015-10,PR,51.0
2015-11,PR,4.0
2015-12,PR,30.0
2016-01,PR,43.0
2016-02,PR,37.0
2016-03,PR,78.0
2016-04,PR,40.0
2016-05,PR,20.0
2016-06,PR,10.0
2016-07,PR,6.0
2016-08,PR,5.0
2016-09,PR,13.0
2016-10,PR,35.0
2016-11,PR,7.0
2016-12,PR,21.0
2003-01,PY,8.0
2003-02,PY,2.0
2003-03,PY,3.0
2003-04,PY,2.0
2003-05,PY,6.0
2003-06,PY,3.0
2003-07,PY,5.0
2003-08,PY,8.0
2003-09,PY,4.0
2003-10,PY,4.0
2003-11,PY,1.0
2003-12,PY,5.0
2004-02,PY,5.0
2004-03,PY,1.0
2004-04,PY,4.0
2004-05,PY,2.0
2004-06,PY,3.0
2004-08,PY,5.0
2004-09,PY,3.0
2004-10,PY,4.0
2004-11,PY,1.0
2004-12,PY,2.0
2005-01,PY,2.0
2005-02,PY,3.0
2005-03,PY,5.0
2005-04,PY,2.0
2005-05,PY,2.0
2005-06,PY,3.0
2005-07,PY,4.0
2005-08,PY,2.0
2005-09,PY,1.0
2005-10,PY,2.0
2005-11,PY,5.0
2006-01,PY,4.0
2006-02,PY,8.0
2006-03,PY,8.0
2006-05,PY,5.0
2006-06,PY,2.0
2006-07,PY,28.0
2006-08,PY,2.0
2006-09,PY,5.0
2006-11,PY,1.0
2007-01,PY,1.0
2007-02,PY,2.0
2007-03,PY,1.0
2007-04,PY,10.0
2007-05,PY,4.0
2007-06,PY,1.0
2007-07,PY,2.0
2007-08,PY,5.0
2007-09,PY,2.0
2007-10,PY,1.0
2007-11,PY,3.0
2008-02,PY,1.0
2008-03,PY,4.0
2008-06,PY,4.0
2008-07,PY,4.0
2008-08,PY,1.0
2008-09,PY,2.0
2008-10,PY,7.0
2008-11,PY,7.0
2008-12,PY,4.0
2009-01,PY,6.0
2009-02,PY,3.0
2009-03,PY,1.0
2009-04,PY,2.0
2009-05,PY,1.0
2009-06,PY,3.0
2009-07,PY,3.0
2009-09,PY,5.0
2009-10,PY,6.0
2009-11,PY,1.0
2010-03,PY,1.0
2010-07,PY,7.0
2010-08,PY,4.0
2010-09,PY,13.0
2010-10,PY,13.0
2010-11,PY,6.0
2010-12,PY,1.0
2011-01,PY,2.0
2011-03,PY,1.0
2011-04,PY,1.0
2011-06,PY,1.0
2011-07,PY,8.0
2011-08,PY,6.0
2011-09,PY,5.0
2011-10,PY,14.0
2011-12,PY,7.0
2012-01,PY,11.0
2012-02,PY,1.0
2012-03,PY,6.0
2012-05,PY,3.0
2012-06,PY,4.0
2012-07,PY,5.0
2012-08,PY,8.0
2012-09,PY,4.0
2012-10,PY,5.0
2013-01,PY,3.0
2013-02,PY,1.0
2013-03,PY,1.0
2013-04,PY,4.0
2013-05,PY,3.0
2013-06,PY,1.0
2013-07,PY,13.0
2013-08,PY,11.0
2013-09,PY,1.0
2013-10,PY,7.0
2013-11,PY,2.0
2013-12,PY,1.0
2014-01,PY,3.0
2014-03,PY,4.0
2014-05,PY,1.0
2014-08,PY,10.0
2014-09,PY,14.0
2014-10,PY,2.0
2015-01,PY,3.0
2015-02,PY,4.0
2015-03,PY,1.0
2015-04,PY,11.0
2015-05,PY,21.0
2015-06,PY,3.0
2015-07,PY,3.0
2015-08,PY,2.0
2015-09,PY,2.0
2015-10,PY,6.0
2015-11,PY,1.0
2016-01,PY,1.0
2016-02,PY,8.0
2016-03,PY,5.0
2016-04,PY,2.0
2016-05,PY,15.0
2016-06,PY,13.0
2016-08,PY,14.0
2016-09,PY,11.0
2016-10,PY,13.0
2016-11,PY,2.0
2016-12,PY,4.0
2003-02,SR,3.0
2007-06,SR,1.0
2009-02,SR,1.0
2009-07,SR,1.0
2010-05,SR,1.0
2010-10,SR,1.0
2011-01,SR,6.0
2011-02,SR,5.0
2011-11,SR,11.0
2012-04,SR,10.0
2012-10,SR,1.0
2012-12,SR,2.0
2013-01,SR,1.0
2013-04,SR,6.0
2014-04,SR,1.0
2014-10,SR,1.0
2015-03,SR,3.0
2015-05,SR,3.0
2016-02,SR,2.0
2016-03,SR,6.0
2016-11,SR,4.0
2003-09,SV,1.0
2003-11,SV,1.0
2003-12,SV,4.0
2004-03,SV,1.0
2004-05,SV,2.0
2004-09,SV,1.0
2004-10,SV,8.0
2004-11,SV,1.0
2005-05,SV,3.0
2005-06,SV,1.0
2005-10,SV,3.0
2006-05,SV,1.0
2006-07,SV,1.0
2006-10,SV,1.0
2006-12,SV,6.0
2007-01,SV,4.0
2007-02,SV,1.0
2007-03,SV,2.0
2007-05,SV,1.0
2007-07,SV,1.0
2007-10,SV,3.0
2007-11,SV,2.0
2007-12,SV,4.0
2008-01,SV,2.0
2008-02,SV,8.0
2008-03,SV,1.0
2008-04,SV,3.0
2008-11,SV,1.0
2009-01,SV,5.0
2009-02,SV,1.0
2009-05,SV,3.0
2009-06,SV,1.0
2009-07,SV,5.0
2009-10,SV,5.0
2009-11,SV,1.0
2010-01,SV,4.0
2010-02,SV,4.0
2010-03,SV,1.0
2010-07,SV,2.0
2010-11,SV,1.0
2010-12,SV,2.0
2011-01,SV,6.0
2011-04,SV,3.0
2011-05,SV,1.0
2011-06,SV,3.0
2011-07,SV,7.0
2011-08,SV,3.0
2011-09,SV,1.0
2011-10,SV,4.0
2011-11,SV,3.0
2011-12,SV,2.0
2012-01,SV,7.0
2012-02,SV,4.0
2012-03,SV,2.0
2012-04,SV,3.0
2012-05,SV,1.0
2012-06,SV,2.0
2012-07,SV,1.0
2012-09,SV,5.0
2012-10,SV,4.0
2012-11,SV,3.0
2012-12,SV,17.0
2013-01,SV,6.0
2013-02,SV,11.0
2013-03,SV,13.0
2013-04,SV,35.0
2013-05,SV,15.0
2013-06,SV,8.0
2013-07,SV,17.0
2013-08,SV,8.0
2013-09,SV,10.0
2013-10,SV,23.0
2013-11,SV,15.0
2013-12,SV,27.0
2014-01,SV,24.0
2014-02,SV,17.0
2014-03,SV,62.0
2014-04,SV,30.0
2014-05,SV,26.0
2014-06,SV,6.0
2014-07,SV,29.0
2014-08,SV,16.0
2014-09,SV,44.0
2014-10,SV,33.0
2014-11,SV,42.0
2014-12,SV,23.0
2015-01,SV,21.0
2015-02,SV,19.0
2015-03,SV,27.0
2015-04,SV,27.0
2015-05,SV,49.0
2015-06,SV,12.0
2015-07,SV,25.0
2015-08,SV,50.0
2015-09,SV,19.0
2015-10,SV,39.0
2015-11,SV,16.0
2015-12,SV,21.0
2016-01,SV,27.0
2016-02,SV,27.0
2016-03,SV,43.0
2016-04,SV,27.0
2016-05,SV,35.0
2016-06,SV,30.0
2016-07,SV,12.0
2016-08,SV,14.0
2016-09,SV,47.0
2016-10,SV,60.0
2016-11,SV,39.0
2016-12,SV,37.0
2003-02,TT,6.0
2003-03,TT,4.0
2003-05,TT,3.0
2003-08,TT,2.0
2003-11,TT,3.0
2004-02,TT,2.0
2004-05,TT,1.0
2004-11,TT,4.0
2004-12,TT,1.0
2005-02,TT,2.0
2005-03,TT,1.0
2005-04,TT,8.0
2005-11,TT,1.0
2005-12,TT,9.0
2006-03,TT,2.0
2006-04,TT,1.0
2006-07,TT,3.0
2006-11,TT,2.0
2006-12,TT,10.0
2007-01,TT,4.0
2007-02,TT,1.0
2007-03,TT,6.0
2007-05,TT,7.0
2007-06,TT,2.0
2007-07,TT,3.0
2007-10,TT,4.0
2007-12,TT,1.0
2008-02,TT,6.0
2008-03,TT,17.0
2008-04,TT,13.0
2008-05,TT,6.0
2008-06,TT,3.0
2008-07,TT,8.0
2008-08,TT,2.0
2008-09,TT,7.0
2008-10,TT,2.0
2008-11,TT,7.0
2008-12,TT,1.0
2009-01,TT,2.0
2009-02,TT,7.0
2009-03,TT,1.0
2009-04,TT,1.0
2009-05,TT,4.0
2009-06,TT,5.0
2009-07,TT,3.0
2009-10,TT,2.0
2009-11,TT,10.0
2009-12,TT,2.0
2010-01,TT,3.0
2010-02,TT,4.0
2010-03,TT,14.0
2010-04,TT,5.0
2010-05,TT,5.0
2010-06,TT,1.0
2010-08,TT,1.0
2010-10,TT,5.0
2010-11,TT,2.0
2010-12,TT,4.0
2011-01,TT,30.0
2011-02,TT,29.0
2011-03,TT,11.0
2011-04,TT,15.0
2011-05,TT,3.0
2011-06,TT,4.0
2011-07,TT,12.0
2011-08,TT,4.0
2011-11,TT,3.0
2011-12,TT,2.0
2012-01,TT,4.0
2012-02,TT,7.0
2012-03,TT,9.0
2012-04,TT,9.0
2012-05,TT,5.0
2012-06,TT,16.0
2012-08,TT,1.0
2012-09,TT,1.0
2012-10,TT,1.0
2012-11,TT,5.0
2012-12,TT,6.0
2013-01,TT,33.0
2013-02,TT,2.0
2013-03,TT,10.0
2013-04,TT,15.0
2013-05,TT,2.0
2013-06,TT,16.0
2013-07,TT,4.0
2013-08,TT,2.0
2013-09,TT,6.0
2013-10,TT,5.0
2013-12,TT,21.0
2014-01,TT,21.0
2014-02,TT,21.0
2014-03,TT,9.0
2014-04,TT,5.0
2014-05,TT,21.0
2014-06,TT,8.0
2014-07,TT,4.0
2014-08,TT,5.0
2014-09,TT,2.0
2014-10,TT,10.0
2014-11,TT,15.0
2014-12,TT,14.0
2015-01,TT,2.0
2015-02,TT,3.0
2015-03,TT,37.0
2015-04,TT,13.0
2015-05,TT,6.0
2015-06,TT,1.0
2015-07,TT,11.0
2015-08,TT,8.0
2015-09,TT,16.0
2015-10,TT,26.0
2015-11,TT,10.0
2015-12,TT,8.0
2016-01,TT,8.0
2016-02,TT,21.0
2016-03,TT,10.0
2016-04,TT,21.0
2016-05,TT,15.0
2016-06,TT,18.0
2016-07,TT,2.0
2016-08,TT,5.0
2016-09,TT,7.0
2016-10,TT,13.0
2016-11,TT,5.0
2016-12,TT,10.0
2003-01,US,272.0
2003-02,US,213.0
2003-03,US,429.0
2003-04,US,763.0
2003-05,US,765.0
2003-06,US,465.0
2003-07,US,390.0
2003-08,US,393.0
2003-09,US,447.0
2003-10,US,376.0
2003-11,US,357.0
2003-12,US,263.0
2004-01,US,332.0
2004-02,US,338.0
2004-03,US,568.0
2004-04,US,868.0
2004-05,US,970.0
2004-06,US,578.0
2004-07,US,408.0
2004-08,US,427.0
2004-09,US,632.0
2004-10,US,468.0
2004-11,US,292.0
2004-12,US,263.0
2005-01,US,333.0
2005-02,US,366.0
2005-03,US,695.0
2005-04,US,1160.0
2005-05,US,1127.0
2005-06,US,534.0
2005-07,US,463.0
2005-08,US,485.0
2005-09,US,550.0
2005-10,US,507.0
2005-11,US,360.0
2005-12,US,346.0
2006-01,US,475.0
2006-02,US,443.0
2006-03,US,752.0
2006-04,US,1313.0
2006-05,US,1233.0
2006-06,US,774.0
2006-07,US,551.0
2006-08,US,597.0
2006-09,US,842.0
2006-10,US,666.0
2006-11,US,520.0
2006-12,US,486.0
2007-01,US,904.0
2007-02,US,1236.0
2007-03,US,2894.0
2007-04,US,4640.0
2007-05,US,2624.0
2007-06,US,1256.0
2007-07,US,1336.0
2007-08,US,2534.0
2007-09,US,1430.0
2007-10,US,1643.0
2007-11,US,1609.0
2007-12,US,1058.0
2008-01,US,2126.0
2008-02,US,2490.0
2008-03,US,5822.0
2008-04,US,8472.0
2008-05,US,2198.0
2008-06,US,2876.0
2008-07,US,960.0
2008-08,US,2344.0
2008-09,US,4922.0
2008-10,US,4100.0
2008-11,US,593.0
2008-12,US,1784.0
2009-01,US,1909.0
2009-02,US,675.0
2009-03,US,1778.0
2009-04,US,5716.0
2009-05,US,7027.0
2009-06,US,3943.0
2009-07,US,3413.0
2009-08,US,3824.0
2009-09,US,5171.0
2009-10,US,5603.0
2009-11,US,1779.0
2009-12,US,1016.0
2010-01,US,1654.0
2010-02,US,2114.0
2010-03,US,6885.0
2010-04,US,6925.0
2010-05,US,8914.0
2010-06,US,3332.0
2010-07,US,3058.0
2010-08,US,2769.0
2010-09,US,3606.0
2010-10,US,3388.0
2010-11,US,2404.0
2010-12,US,2259.0
2011-01,US,7220.0
2011-02,US,7054.0
2011-03,US,10252.0
2011-04,US,15367.0
2011-05,US,13766.0
2011-06,US,7480.0
2011-07,US,6544.0
2011-08,US,6784.0
2011-09,US,9096.0
2011-10,US,9440.0
2011-11,US,6846.0
2011-12,US,6663.0
2012-01,US,7701.0
2012-02,US,7050.0
2012-03,US,10575.0
2012-04,US,14766.0
2012-05,US,13490.0
2012-06,US,7902.0
2012-07,US,6288.0
2012-08,US,7157.0
2012-09,US,9727.0
2012-10,US,7989.0
2012-11,US,6366.0
2012-12,US,5255.0
2013-01,US,5353.0
2013-02,US,7758.0
2013-03,US,16614.0
2013-04,US,33822.0
2013-05,US,38048.0
2013-06,US,22694.0
2013-07,US,14299
2013-08,US,8960.0
2013-09,US,23871.0
2013-10,US,13089.0
2013-11,US,6979.0
2013-12,US,6048.0
2014-01,US,3697.0
2014-02,US,8431.0
2014-03,US,20123.0
2014-04,US,44776.0
2014-05,US,49857.0
2014-06,US,21787.0
2014-07,US,19850.0
2014-08,US,13648.0
2014-09,US,24387.0
2014-10,US,21233.0
2014-11,US,9209.0
2014-12,US,4728.0
2015-01,US,5743.0
2015-02,US,4442.0
2015-03,US,9180.0
2015-04,US,44823.0
2015-05,US,46925.0
2015-06,US,13136.0
2015-07,US,10861.0
2015-08,US,26838.0
2015-09,US,28462.0
2015-10,US,14038.0
2015-11,US,3615.0
2015-12,US,5898.0
2016-01,US,11737.0
2016-02,US,13266.0
2016-03,US,18757.0
2016-04,US,27915.0
2016-05,US,28092.0
2016-06,US,19600.0
2016-07,US,3804.0
2016-08,US,10946.0
2016-09,US,17319.0
2016-10,US,17047.0
2016-11,US,7715.0
2016-12,US,6563.0
2003-11,UY,16.0
2003-12,UY,3.0
2004-06,UY,1.0
2004-10,UY,1.0
2005-10,UY,1.0
2005-11,UY,1.0
2006-01,UY,1.0
2006-02,UY,1.0
2006-08,UY,1.0
2006-10,UY,2.0
2006-12,UY,3.0
2007-01,UY,2.0
2007-02,UY,4.0
2007-03,UY,2.0
2007-04,UY,3.0
2007-09,UY,2.0
2008-01,UY,2.0
2008-02,UY,1.0
2008-03,UY,1.0
2008-05,UY,1.0
2008-06,UY,1.0
2008-07,UY,1.0
2008-08,UY,1.0
2008-09,UY,7.0
2008-10,UY,3.0
2008-11,UY,2.0
2009-01,UY,1.0
2009-02,UY,1.0
2009-07,UY,1.0
2009-12,UY,5.0
2010-02,UY,1.0
2010-06,UY,1.0
2010-09,UY,1.0
2010-10,UY,3.0
2010-11,UY,1.0
2010-12,UY,1.0
2011-01,UY,2.0
2011-02,UY,1.0
2011-03,UY,9.0
2011-04,UY,6.0
2011-05,UY,1.0
2011-06,UY,1.0
2011-07,UY,1.0
2011-09,UY,2.0
2011-10,UY,2.0
2011-11,UY,3.0
2011-12,UY,9.0
2012-01,UY,7.0
2012-02,UY,2.0
2012-03,UY,3.0
2012-04,UY,7.0
2012-05,UY,3.0
2012-06,UY,1.0
2012-07,UY,1.0
2012-08,UY,1.0
2012-09,UY,3.0
2012-10,UY,3.0
2012-11,UY,1.0
2012-12,UY,7.0
2013-01,UY,2.0
2013-02,UY,4.0
2013-03,UY,9.0
2013-04,UY,3.0
2013-05,UY,6.0
2013-06,UY,2.0
2013-07,UY,2.0
2013-08,UY,2.0
2013-10,UY,3.0
2013-11,UY,1.0
2013-12,UY,5.0
2014-01,UY,2.0
2014-02,UY,1.0
2014-03,UY,2.0
2014-07,UY,3.0
2014-10,UY,2.0
2014-11,UY,2.0
2014-12,UY,2.0
2015-01,UY,1.0
2015-02,UY,1.0
2015-03,UY,1.0
2015-04,UY,2.0
2015-05,UY,1.0
2015-06,UY,1.0
2015-07,UY,1.0
2015-08,UY,1.0
2015-09,UY,1.0
2015-10,UY,5.0
2015-11,UY,5.0
2015-12,UY,3.0
2016-01,UY,4.0
2016-02,UY,12.0
2016-03,UY,8.0
2016-04,UY,8.0
2016-05,UY,8.0
2016-06,UY,4.0
2016-07,UY,2.0
2016-08,UY,2.0
2016-09,UY,4.0
2016-10,UY,24.0
2016-11,UY,3.0
2016-12,UY,6.0
2003-01,VE,4.0
2003-03,VE,1.0
2003-05,VE,1.0
2003-07,VE,2.0
2003-11,VE,1.0
2004-02,VE,2.0
2004-05,VE,1.0
2004-07,VE,2.0
2004-08,VE,1.0
2004-09,VE,4.0
2004-10,VE,4.0
2004-11,VE,1.0
2004-12,VE,1.0
2005-01,VE,3.0
2005-02,VE,15.0
2005-03,VE,2.0
2005-07,VE,2.0
2005-10,VE,2.0
2006-01,VE,2.0
2006-02,VE,46.0
2006-03,VE,2.0
2006-04,VE,1.0
2006-07,VE,3.0
2006-08,VE,1.0
2006-09,VE,1.0
2006-10,VE,1.0
2006-11,VE,2.0
2006-12,VE,5.0
2007-01,VE,40.0
2007-02,VE,23.0
2007-03,VE,20.0
2007-04,VE,5.0
2007-05,VE,6.0
2007-06,VE,2.0
2007-07,VE,2.0
2007-09,VE,1.0
2007-10,VE,1.0
2007-11,VE,1.0
2007-12,VE,1.0
2008-01,VE,28.0
2008-02,VE,32.0
2008-03,VE,4.0
2008-04,VE,5.0
2008-06,VE,2.0
2008-07,VE,1.0
2008-08,VE,3.0
2008-10,VE,10.0
2008-11,VE,2.0
2008-12,VE,3.0
2009-01,VE,2.0
2009-03,VE,1.0
2009-05,VE,2.0
2009-06,VE,1.0
2009-07,VE,1.0
2009-08,VE,6.0
2009-09,VE,3.0
2009-10,VE,3.0
2009-11,VE,3.0
2009-12,VE,7.0
2010-01,VE,6.0
2010-02,VE,4.0
2010-03,VE,14.0
2010-04,VE,7.0
2010-05,VE,3.0
2010-07,VE,1.0
2010-09,VE,3.0
2010-10,VE,9.0
2010-11,VE,6.0
2010-12,VE,8.0
2011-01,VE,6.0
2011-02,VE,6.0
2011-03,VE,10.0
2011-04,VE,7.0
2011-07,VE,4.0
2011-08,VE,2.0
2011-09,VE,3.0
2011-10,VE,3.0
2011-11,VE,5.0
2011-12,VE,4.0
2012-01,VE,9.0
2012-02,VE,15.0
2012-03,VE,9.0
2012-04,VE,5.0
2012-05,VE,6.0
2012-06,VE,3.0
2012-07,VE,4.0
2012-09,VE,2.0
2012-10,VE,1.0
2012-11,VE,8.0
2012-12,VE,21.0
2013-01,VE,14.0
2013-02,VE,8.0
2013-03,VE,9.0
2013-04,VE,5.0
2013-05,VE,35.0
2013-06,VE,6.0
2013-07,VE,9.0
2013-08,VE,9.0
2013-10,VE,6.0
2013-11,VE,1.0
2013-12,VE,17.0
2014-01,VE,13.0
2014-02,VE,7.0
2014-03,VE,13.0
2014-04,VE,6.0
2014-05,VE,1.0
2014-06,VE,13.0
2014-07,VE,4.0
2014-08,VE,5.0
2014-09,VE,2.0
2014-10,VE,7.0
2014-11,VE,2.0
2014-12,VE,8.0
2015-01,VE,9.0
2015-02,VE,6.0
2015-03,VE,20.0
2015-04,VE,5.0
2015-05,VE,35.0
2015-06,VE,1.0
2015-07,VE,62.0
2015-08,VE,29.0
2015-09,VE,8.0
2015-10,VE,13.0
2015-11,VE,10.0
2015-12,VE,12.0
2016-01,VE,4.0
2016-02,VE,9.0
2016-03,VE,16.0
2016-04,VE,10.0
2016-05,VE,16.0
2016-06,VE,12.0
2016-07,VE,9.0
2016-08,VE,6.0
2016-09,VE,27.0
2016-10,VE,20.0
2016-11,VE,24.0
2016-12,VE,16.0
